TestID,Aufladung,Beschleunigung,Bremsen,Drehmoment,Gesamtgewicht,Getriebe,Grundpreis,Hoechstgeschwindigkeit,Hubraum,Motorart,PS,Ventile,Verbrauch,Zylinder
5001,1,1,1,1,1,1,1,0,0,1,1,0,1,0
5958,1,1,1,1,1,0,1,1,0,1,1,0,1,0
6129,0,0,0,0,0,0,0,0,0,0,0,0,0,0
5495,1,0,1,1,1,1,1,0,0,1,1,0,1,0
5387,0,0,0,0,0,0,0,0,0,0,0,0,0,0
5752,1,1,1,1,1,1,1,0,1,1,1,0,1,0
5122,0,0,1,0,1,0,1,1,0,1,1,0,1,0
5810,1,0,1,1,1,1,1,1,1,1,1,0,1,0
5968,0,1,1,1,1,1,1,1,0,0,1,0,1,0
5825,1,1,0,1,1,1,1,1,0,1,1,0,1,0
5181,1,1,1,0,1,1,1,0,1,1,1,0,1,0
5957,1,0,1,1,1,1,1,1,0,1,1,0,1,0
5877,0,0,0,0,0,0,0,0,0,0,0,0,0,0
5120,1,0,1,1,1,0,1,0,0,1,1,0,1,0
5199,0,0,1,1,1,1,1,1,0,1,1,0,1,0
6099,1,1,1,1,1,1,1,0,1,1,1,0,1,0
5702,1,0,1,1,1,1,1,1,0,1,1,0,1,0
5383,0,1,1,0,1,1,1,0,0,1,1,0,1,0
5861,0,1,1,1,1,1,1,0,0,0,1,0,1,0
5853,1,1,1,1,1,1,1,1,1,1,1,0,1,0
5248,0,0,1,1,1,1,1,1,0,1,1,0,1,0
5004,0,0,1,1,1,0,1,0,0,1,1,0,1,0
5965,0,0,1,1,1,1,1,1,0,1,1,0,1,0
5244,0,1,1,1,1,1,1,0,0,0,1,0,1,0
5157,1,1,1,1,1,0,1,0,0,1,1,0,1,0
5370,0,0,0,0,0,0,0,0,0,0,0,0,0,0
5320,0,0,1,1,1,0,1,0,0,1,1,0,1,0
6037,1,0,1,1,1,1,1,0,0,1,1,0,1,0
5170,0,1,1,1,1,0,0,1,0,1,1,0,1,0
5333,1,0,1,0,1,1,1,0,0,1,1,0,1,0
5817,1,0,1,1,1,1,1,1,1,1,1,0,1,1
5604,1,0,0,1,1,1,1,1,1,1,1,0,1,0
5252,0,1,1,1,1,1,1,0,0,1,1,0,1,0
5289,0,1,1,1,1,1,1,0,0,1,1,0,1,0
5615,1,1,1,1,1,1,1,0,0,1,1,0,1,0
5820,1,0,1,1,1,1,1,1,0,1,1,0,1,0
5418,0,0,0,0,0,0,0,0,0,0,0,0,0,0
5645,1,0,1,1,1,1,1,0,0,0,1,0,1,0
5573,0,0,1,1,1,1,1,1,0,1,1,0,1,0
5892,0,1,1,1,1,1,1,0,0,1,1,0,1,0
6028,1,0,1,1,1,1,1,0,0,0,1,0,1,0
5386,1,0,1,1,1,1,1,1,0,1,1,0,1,0
5933,0,1,1,0,0,1,1,0,0,0,1,0,1,0
5135,1,1,1,1,1,1,1,0,0,1,1,0,1,0
6023,1,1,1,1,1,1,1,1,1,0,1,0,1,0
6016,1,1,1,1,1,1,1,0,0,1,1,0,1,1
5309,0,0,0,0,0,0,0,0,0,0,0,0,0,0
5336,0,1,1,0,1,1,1,0,0,1,1,0,1,0
5682,1,1,1,1,1,1,1,1,0,1,1,0,1,0
5325,0,0,0,0,0,0,0,0,0,0,0,0,0,0
5184,0,1,1,1,1,1,1,0,0,1,1,0,1,0
6097,1,1,1,1,1,1,1,1,0,1,1,0,1,0
5647,0,0,0,0,1,0,1,1,1,0,1,0,1,0
5999,1,0,1,0,1,1,1,1,0,1,1,0,1,0
5108,1,1,1,1,1,1,1,0,1,1,1,0,1,0
5875,0,0,0,0,0,0,0,0,0,0,0,0,0,0
5273,0,1,0,1,1,1,1,0,0,1,1,0,1,0
5694,1,1,1,0,0,1,1,0,1,1,1,0,1,0
5288,0,0,1,1,1,1,1,0,0,1,1,0,1,0
5596,0,0,1,1,1,1,1,1,0,1,1,0,1,0
5225,0,0,1,1,1,1,1,0,0,1,1,0,1,0
5799,1,0,1,1,1,1,1,1,0,1,1,0,1,0
5754,1,0,1,1,1,1,1,1,0,1,1,0,1,0
6101,0,1,1,1,1,0,1,0,0,1,1,0,1,0
5161,1,0,1,0,1,1,1,0,0,1,1,0,1,0
5524,0,0,0,0,0,0,0,0,0,0,0,0,0,0
5407,0,0,0,0,0,0,0,0,0,0,0,0,0,0
5241,0,0,0,0,0,0,0,0,0,0,0,0,0,0
5250,0,1,1,1,1,1,1,0,0,1,1,0,1,0
5917,1,1,1,0,1,1,1,1,0,1,1,0,1,0
6121,0,1,1,1,1,1,1,1,1,1,1,0,1,0
5845,0,0,0,0,0,1,0,0,0,0,0,0,0,0
5357,0,0,0,0,0,0,0,0,0,0,0,0,0,0
5886,1,1,1,1,1,1,1,0,0,1,1,0,1,0
5466,1,0,1,1,1,0,1,1,1,1,1,0,1,1
6003,0,0,0,1,1,1,1,0,1,1,1,0,1,0
5260,0,1,1,0,1,1,1,0,0,1,1,0,1,0
5208,0,0,1,1,1,1,1,0,0,1,1,0,1,0
5482,0,0,0,0,0,0,0,0,0,0,0,0,0,0
5611,1,0,1,1,1,1,1,1,1,1,1,0,1,0
5349,0,0,1,1,1,1,1,1,0,1,1,0,1,0
5960,1,0,1,1,1,1,1,1,0,1,1,0,1,0
5980,1,1,1,1,1,1,1,1,1,1,1,0,1,0
5426,1,0,1,1,1,1,1,1,0,1,1,0,1,0
5470,0,1,1,1,1,0,1,0,0,1,1,0,1,0
6022,1,1,1,1,1,1,1,1,0,1,1,0,1,1
5636,1,0,0,1,1,1,1,1,0,1,1,0,1,1
5408,0,0,0,0,0,0,0,0,0,0,0,0,0,0
5502,0,0,1,0,1,1,1,0,0,1,1,0,1,0
5216,1,1,1,1,1,0,1,1,0,1,1,0,1,0
6135,0,1,1,1,1,1,1,0,0,1,1,0,1,0
5086,0,0,0,0,0,0,0,0,0,0,0,0,0,0
5679,1,1,1,1,1,1,1,1,0,1,1,0,1,0
5130,0,1,1,1,1,1,1,0,0,1,1,0,1,0
5458,0,0,0,0,0,0,0,0,0,0,0,0,0,0
5255,1,0,1,1,1,0,1,0,0,1,1,0,1,0
5906,0,1,1,1,1,1,1,0,0,1,1,0,1,0
6115,1,1,1,1,1,1,1,1,1,1,1,0,1,0
5616,0,0,0,0,0,0,0,0,0,0,0,0,0,0
5092,1,0,1,0,1,1,1,0,0,1,1,0,1,0
5784,0,0,1,1,1,1,1,1,1,1,1,0,1,1
6002,1,0,1,1,1,0,1,0,1,0,1,0,1,1
5104,0,1,1,1,1,1,1,0,0,1,1,0,1,0
5560,0,1,0,1,1,1,1,0,0,1,1,0,1,0
5380,0,0,0,0,0,0,0,0,0,0,0,0,0,0
5570,0,1,1,1,1,1,1,0,1,1,1,0,1,0
6012,0,0,0,0,1,1,1,0,0,1,1,0,1,0
6085,0,0,1,1,1,1,1,1,0,1,1,0,1,0
5258,0,1,1,1,1,1,1,1,0,0,1,0,1,0
5308,0,0,1,0,0,1,1,1,0,0,1,0,1,0
5973,0,1,1,0,1,1,1,1,0,0,1,0,1,0
5207,0,0,1,0,1,1,1,0,0,1,1,0,1,0
6053,0,1,1,1,1,1,1,0,0,1,1,0,1,0
5173,1,1,1,1,1,1,1,0,0,1,1,0,1,0
5270,1,0,1,1,1,0,1,0,0,0,1,0,1,0
6140,0,0,0,0,0,0,0,0,0,0,0,0,0,0
5499,1,1,1,1,0,1,1,1,0,0,1,0,1,0
5737,0,0,0,0,0,0,0,0,0,0,0,0,0,0
5077,1,0,1,1,1,1,1,1,0,0,1,0,1,0
5364,0,1,1,1,1,0,1,0,0,1,1,0,1,0
5696,0,0,1,1,1,0,1,1,0,1,1,0,1,0
5398,0,1,1,1,1,1,1,1,0,1,1,0,1,0
6107,1,1,1,1,1,0,1,0,0,1,1,0,1,1
5484,0,0,0,0,0,0,0,0,0,0,0,0,0,0
5267,1,1,1,1,1,0,1,0,0,1,1,0,1,0
5777,1,1,0,1,1,1,1,1,0,1,1,0,1,0
5640,1,0,1,1,1,1,1,1,1,1,1,0,1,1
5849,0,1,1,1,1,1,1,0,0,1,1,0,1,0
5457,0,0,0,0,0,0,0,0,0,0,0,0,0,0
5269,0,0,1,0,1,1,1,0,0,0,1,0,1,0
5589,1,1,1,1,1,1,1,1,0,1,1,0,1,0
6068,1,0,1,1,1,0,1,1,1,1,1,0,1,0
5322,1,0,1,1,1,1,1,0,0,1,1,0,1,0
5506,0,0,0,1,1,1,1,1,0,1,1,0,1,0
6034,0,0,0,1,1,1,1,1,0,1,1,0,1,0
5948,1,1,1,1,1,0,1,1,0,0,1,0,1,1
5392,0,1,1,1,1,1,1,1,0,1,1,0,1,0
5312,0,0,1,1,1,1,1,0,0,1,1,0,1,0
6076,1,1,1,1,1,1,1,1,0,1,1,0,1,0
6018,1,0,1,1,1,1,1,1,1,0,1,0,1,0
5894,1,0,1,0,1,1,1,1,0,1,1,0,1,1
5107,0,1,1,0,1,1,1,0,0,1,1,0,1,0
5356,0,0,0,0,0,0,0,0,0,0,0,0,0,0
5292,0,0,0,0,0,0,0,0,0,0,0,0,0,0
6092,1,0,0,1,1,1,1,1,1,1,1,0,1,1
5168,0,0,1,1,1,1,1,0,0,1,1,0,1,0
5095,0,0,1,1,1,0,1,0,0,1,1,0,1,0
5488,0,0,0,0,0,0,0,0,0,0,0,0,0,0
6095,0,0,1,1,1,1,1,1,1,1,1,0,1,0
5478,0,0,0,0,0,0,0,0,0,0,0,0,1,0
5075,0,1,1,0,1,1,1,0,1,1,1,0,1,0
5234,1,1,1,1,1,1,1,0,0,1,1,0,1,0
5397,0,1,1,1,1,1,1,0,0,1,1,0,1,0
5311,0,0,1,1,1,0,1,1,0,1,1,0,1,0
5727,0,0,0,0,0,0,0,0,0,0,0,0,0,0
5259,0,0,1,1,1,1,1,0,0,1,1,0,1,0
5020,1,0,1,0,1,0,1,0,0,1,1,0,1,0
6090,1,0,1,1,1,1,1,1,1,1,1,0,1,0
5302,0,0,1,1,1,0,1,1,0,1,1,0,1,0
5662,1,1,1,1,1,1,1,0,0,1,1,0,1,0
5051,1,0,1,1,1,1,1,1,0,0,1,0,1,0
5118,0,0,1,0,1,1,1,1,0,1,1,0,1,0
5348,0,0,1,1,1,0,1,0,0,1,1,0,1,0
5307,0,1,1,1,1,1,1,1,1,1,1,0,1,0
5584,0,0,0,0,1,1,1,0,0,0,1,0,1,0
5735,0,0,1,1,1,1,1,0,1,1,1,0,1,0
5338,0,0,1,1,1,1,1,0,1,1,1,0,1,0
5927,1,0,1,0,1,1,1,1,0,1,1,0,1,0
5593,1,0,0,1,1,0,1,1,0,1,1,0,1,0
5758,1,0,1,1,1,1,1,0,0,1,1,0,1,0
5857,1,0,0,1,1,1,1,1,0,1,1,0,1,0
5813,0,0,1,0,0,0,1,0,1,1,1,0,1,0
5590,0,0,1,1,1,0,1,0,0,0,1,0,1,0
6001,0,0,0,0,1,0,0,0,0,0,0,0,1,0
5841,1,1,1,1,1,1,1,0,1,1,1,0,1,0
5681,1,0,1,1,1,1,1,0,0,1,1,0,1,0
6093,0,0,0,1,1,1,1,1,1,0,1,0,1,0
5748,1,1,1,1,1,1,1,1,1,1,1,0,1,1
5967,1,0,1,1,1,1,1,0,0,1,1,0,1,0
5785,0,0,0,1,1,1,1,1,0,1,1,0,1,0
5575,0,0,1,1,1,1,1,0,0,1,1,0,1,0
5054,0,0,1,1,1,1,1,0,0,0,1,0,1,0
5850,0,1,1,1,1,1,1,0,0,0,1,0,1,0
5390,1,0,1,1,1,1,1,0,0,1,1,0,1,0
5061,0,0,1,1,1,0,1,0,0,1,1,0,1,0
5201,0,1,1,1,1,1,1,0,0,1,1,0,1,0
5011,0,1,1,1,1,1,1,0,0,1,1,0,1,0
5909,1,0,0,0,1,0,1,1,1,1,1,0,1,0
5508,0,0,0,0,0,0,0,0,0,0,0,0,0,0
5148,0,0,1,0,1,1,1,0,0,1,1,0,1,0
5464,1,0,1,1,1,0,1,1,0,1,1,0,1,0
5132,0,1,1,1,1,1,1,0,0,1,1,0,1,0
5226,0,0,0,0,0,0,0,0,0,0,0,0,0,0
5964,1,1,1,1,1,0,1,1,0,1,1,0,1,0
5880,0,0,0,0,0,0,0,0,0,0,0,0,0,0
5098,0,0,1,0,1,1,1,1,0,1,1,0,0,0
5035,1,0,1,1,1,1,1,0,0,1,1,0,1,0
5205,1,0,1,1,1,0,1,1,0,1,1,0,1,0
5523,0,0,0,0,0,0,0,0,0,0,0,0,0,0
5196,0,1,1,1,1,1,1,1,0,1,1,0,1,0
5591,1,0,1,1,1,0,1,1,0,0,1,0,1,1
5030,0,1,1,1,1,1,1,0,0,1,1,0,1,0
5091,0,1,1,1,1,0,1,0,0,1,1,0,1,0
5021,0,0,1,0,1,1,1,0,0,1,1,0,1,0
5915,1,1,1,1,1,1,1,0,0,0,1,0,1,1
5688,1,1,0,1,1,1,1,0,1,1,1,0,1,0
5536,1,1,1,1,1,1,1,1,0,1,1,0,1,0
5974,1,0,1,1,1,1,1,1,0,1,1,0,1,0
5695,0,1,1,1,1,1,1,0,1,1,1,0,1,0
5552,0,1,1,0,1,1,1,0,1,1,1,0,1,0
5276,0,1,1,1,1,1,1,0,0,1,1,0,1,0
5818,1,0,1,1,1,1,1,0,1,1,1,0,1,1
5644,1,1,1,1,1,1,1,1,1,1,1,0,1,0
5324,0,0,1,1,1,1,1,0,1,1,1,0,1,0
5587,1,1,1,1,1,1,1,1,0,1,1,0,1,0
5675,1,0,1,1,1,1,1,0,0,1,1,0,1,0
5740,1,0,1,1,1,1,1,1,1,0,1,0,1,0
5369,0,1,1,1,1,1,1,1,0,1,1,0,1,0
5203,0,1,1,1,1,0,1,0,0,1,1,0,1,0
5354,1,0,1,1,1,0,1,0,0,1,1,0,1,0
5770,1,1,1,1,1,0,1,0,0,1,1,0,1,0
6109,0,0,1,1,1,1,1,0,0,1,1,0,1,0
5819,1,0,0,1,0,1,1,1,1,1,1,0,1,0
5425,0,1,1,1,1,1,1,1,0,1,1,0,1,0
6105,0,0,0,0,0,0,0,0,0,0,0,0,0,0
5693,0,1,0,1,1,1,1,1,0,1,1,0,1,0
5565,0,0,0,1,1,0,1,0,0,1,1,0,1,0
5429,0,1,1,0,1,1,1,1,0,1,1,0,1,0
5477,1,0,1,1,0,1,1,1,1,0,1,0,1,1
5852,0,0,0,0,0,0,0,0,0,0,0,0,0,0
5177,0,0,1,1,1,1,1,0,0,1,1,0,1,0
5323,1,0,1,1,1,1,1,0,1,1,1,0,1,0
5783,1,0,0,1,1,1,1,0,0,1,1,0,1,1
5881,0,0,0,0,0,0,0,0,0,0,0,0,0,0
5507,0,0,0,0,0,0,0,0,0,0,0,0,0,0
6116,1,1,1,1,1,1,1,1,0,0,1,0,1,0
5613,1,0,1,1,1,1,1,0,0,1,1,0,1,0
5242,0,0,1,0,1,1,1,0,0,1,1,0,1,0
5003,0,1,1,1,0,1,1,0,0,1,1,0,1,0
5094,0,0,0,0,1,1,1,0,0,1,1,0,1,0
5806,1,0,1,1,1,1,1,1,1,1,1,0,1,1
5969,0,1,1,1,1,1,1,1,0,0,1,0,1,0
5434,0,0,1,0,1,1,1,0,0,1,1,0,1,0
5381,0,0,1,1,0,1,1,1,0,1,1,0,1,0
6136,1,1,1,0,1,1,1,1,0,0,1,0,1,1
5017,0,0,0,0,0,0,0,0,0,0,0,0,0,0
5621,1,1,0,1,1,1,1,0,0,1,1,0,1,0
5152,0,0,1,1,1,1,1,0,0,0,1,0,1,0
5044,0,0,1,1,1,1,1,0,0,1,1,0,1,0
5655,1,1,1,0,1,1,1,0,0,0,1,0,1,0
6106,1,1,1,1,1,1,1,0,0,1,1,0,1,0
5402,0,0,0,0,0,0,0,0,0,0,0,0,0,0
5180,0,1,1,1,1,1,1,0,0,1,1,0,1,0
5221,0,1,1,1,1,1,1,0,0,1,1,0,1,0
5441,1,0,1,1,1,1,1,1,0,0,1,0,1,1
5654,1,0,1,1,1,1,1,1,0,1,1,0,1,0
5949,1,1,1,1,1,1,1,1,0,0,1,0,1,0
5649,1,1,1,1,1,1,1,0,0,1,1,0,1,1
5943,1,1,0,1,1,1,1,0,0,1,1,0,1,0
5732,0,0,0,1,1,1,1,0,0,1,1,0,1,0
5174,0,0,1,0,1,1,1,0,0,1,1,0,1,0
5836,1,0,1,1,1,1,1,1,1,1,1,0,1,1
5513,1,1,1,1,0,0,1,1,0,0,1,0,1,0
5451,1,1,1,1,1,1,1,1,1,1,1,0,1,1
5684,1,1,1,1,1,1,1,1,1,1,1,0,1,1
5939,1,0,1,1,1,0,1,0,0,1,1,0,1,0
5614,0,1,1,1,1,1,1,0,0,1,1,0,1,1
5607,1,0,1,1,1,1,1,1,0,1,1,0,1,1
5317,1,0,1,1,1,1,1,0,1,1,1,0,0,0
5583,1,1,1,1,1,1,1,1,0,1,1,0,1,0
5648,1,0,0,1,1,1,1,1,1,1,1,0,1,1
5854,1,0,1,1,1,1,1,0,1,1,1,0,1,0
5893,0,1,1,1,1,1,1,0,0,0,1,0,1,0
5117,1,0,1,1,1,0,1,1,0,1,1,0,1,0
5468,1,1,1,0,0,1,1,1,0,1,1,0,1,0
5351,0,1,1,1,1,1,1,1,0,1,1,0,1,0
5698,1,1,0,1,1,1,1,0,0,1,1,0,1,0
5946,1,0,1,1,0,1,1,1,1,1,1,0,1,0
5459,1,1,1,1,1,1,1,1,0,1,1,0,1,0
5504,1,0,0,0,0,0,1,1,0,0,1,0,1,0
6036,0,1,1,1,1,1,1,0,0,1,1,0,1,0
5395,1,0,1,1,1,1,1,1,0,1,1,0,1,0
5878,0,0,0,0,0,0,0,0,0,0,0,0,0,0
5904,1,1,1,1,1,1,1,0,0,1,1,0,1,0
5316,0,0,0,0,0,0,0,0,0,0,0,0,0,0
5268,0,0,1,1,1,1,1,0,0,1,1,0,1,0
5256,0,0,1,0,1,0,1,0,0,1,1,0,1,0
5827,0,1,1,1,1,1,1,0,0,1,1,0,1,0
5069,0,1,1,1,1,1,1,0,0,1,1,0,1,0
5115,1,1,1,1,1,1,1,0,0,1,1,0,1,0
5620,1,0,1,1,1,1,1,0,1,0,1,0,1,1
5780,1,0,0,1,1,1,1,1,0,1,1,0,1,0
6017,0,0,1,1,1,1,1,1,0,1,1,0,1,0
5540,0,1,1,0,1,1,1,1,0,1,1,0,1,0
5976,1,1,1,1,1,1,1,0,0,1,1,0,1,0
5172,0,1,1,1,1,1,1,0,0,1,1,0,1,0
5913,1,0,1,1,1,1,1,0,0,1,1,0,1,0
5539,1,0,1,1,1,1,1,0,0,1,1,0,1,0
5471,0,1,1,1,1,1,1,1,1,1,1,0,1,1
5908,1,1,1,1,1,1,1,0,0,0,1,0,1,0
5873,0,0,0,0,0,0,0,0,0,0,0,0,0,0
5031,0,1,1,0,1,1,1,1,0,1,1,0,1,0
5790,0,1,1,1,1,1,1,1,0,1,1,0,1,0
5646,1,1,0,1,1,1,1,1,0,1,1,0,1,0
5787,1,1,0,1,1,1,1,0,0,1,1,0,1,0
5126,0,1,1,1,1,0,1,0,1,1,1,0,1,0
5700,0,0,0,1,1,1,1,0,1,1,1,0,1,0
5182,0,1,1,1,1,1,1,0,0,0,1,0,1,0
6062,0,0,0,1,1,1,1,1,0,1,1,0,1,0
5073,0,0,0,0,0,0,0,0,0,0,0,0,0,0
5074,0,0,1,1,1,1,1,0,0,1,1,0,1,0
5733,0,1,1,1,1,1,1,1,1,1,1,0,1,0
5442,1,1,1,1,1,1,1,1,0,1,1,0,1,1
6006,1,0,1,1,1,1,1,1,1,0,1,0,1,1
5188,0,1,1,1,1,1,1,0,0,1,1,0,1,0
5918,0,0,1,1,1,1,1,0,0,1,1,0,1,0
5725,1,1,1,1,1,1,1,0,0,1,1,0,1,0
5899,1,1,0,1,1,1,1,1,0,1,1,0,1,0
5895,0,1,1,1,1,1,1,0,0,1,1,0,1,0
5711,0,1,1,1,1,1,1,1,0,1,1,0,1,0
5432,0,0,1,1,1,0,1,1,0,1,1,0,1,0
5183,0,0,0,0,0,0,0,0,0,0,0,0,0,0
6040,0,1,1,1,1,1,1,0,1,1,1,0,1,0
5036,0,1,1,1,1,0,1,0,0,1,1,0,1,0
5247,0,0,1,1,1,1,1,1,0,0,1,0,1,0
5642,0,0,1,1,1,1,1,0,1,1,1,0,1,0
6081,1,0,0,1,1,1,1,1,0,1,1,0,1,0
5144,1,0,1,1,1,1,1,1,0,1,1,0,1,0
5149,0,0,1,1,1,0,1,0,0,1,1,0,1,0
5210,0,1,1,1,1,0,1,0,0,1,1,0,1,0
5622,1,0,1,0,1,0,1,1,0,0,1,0,1,0
5708,1,0,0,0,0,1,1,1,0,0,1,0,1,0
5235,0,1,1,1,1,1,1,0,0,1,1,0,1,0
6072,1,1,1,1,1,1,1,0,0,1,1,0,1,0
5219,0,0,1,0,1,1,1,1,0,1,1,0,1,0
5981,0,1,1,0,1,1,1,1,0,1,1,0,1,0
5230,0,0,1,1,1,1,1,0,0,1,1,0,1,0
5142,1,1,1,0,1,1,1,0,1,1,1,0,1,0
5816,1,1,1,1,1,1,1,0,0,1,1,0,1,0
5321,0,0,1,0,1,0,1,1,0,1,1,0,1,0
5465,1,1,1,1,1,1,1,0,0,1,1,0,1,1
6077,0,0,1,1,1,1,1,1,1,1,1,0,1,0
5331,1,0,1,1,1,1,1,0,1,1,1,0,1,0
5417,0,0,0,0,0,0,0,0,0,0,0,0,0,0
5872,0,0,0,0,0,0,0,0,0,0,0,0,0,0
5525,0,0,0,0,0,0,0,0,0,0,0,0,0,0
5838,0,0,1,1,1,0,1,0,0,1,1,0,1,0
6125,1,1,1,1,1,1,1,0,1,1,1,0,1,0
5751,0,1,1,1,1,0,1,1,0,1,1,0,1,0
5497,0,0,0,1,0,1,1,0,1,1,1,0,1,0
5779,1,0,1,1,1,1,1,0,1,1,1,0,1,0
5846,0,1,0,1,1,1,1,1,1,1,1,0,1,0
5416,0,0,0,0,0,0,0,0,0,0,0,0,0,0
5002,0,0,0,0,0,0,0,0,0,0,0,0,0,0
5664,1,1,1,1,1,1,1,1,1,1,1,0,1,1
5970,1,1,1,1,1,1,1,1,0,1,1,0,1,0
5762,1,0,1,1,1,1,1,1,0,1,1,0,1,0
5361,1,1,1,1,1,1,1,0,0,1,1,0,1,0
5750,1,1,1,1,1,1,1,0,1,1,1,0,1,0
5744,1,1,1,1,1,1,1,0,1,1,1,0,1,1
5080,1,0,1,1,1,1,1,0,0,1,1,0,1,0
5439,1,0,1,1,1,1,1,1,0,1,1,0,1,0
5344,0,1,1,1,1,1,1,1,0,1,1,0,1,0
5483,0,0,0,0,0,0,0,0,0,0,0,0,0,0
5932,0,1,1,1,1,1,1,0,1,1,1,0,1,0
5461,1,0,1,1,1,1,1,1,0,1,1,0,1,0
5419,0,0,0,0,0,0,0,0,0,0,0,0,0,0
5452,1,1,1,1,1,1,1,1,0,1,1,0,1,0
5977,1,1,1,1,1,0,1,1,0,1,1,0,1,0
5475,0,0,1,1,1,1,1,1,0,1,1,0,1,1
5931,1,1,1,1,1,1,1,0,1,1,1,0,1,0
5047,0,0,1,1,1,1,1,0,0,1,1,0,1,0
5896,0,0,0,0,0,0,0,0,0,0,0,0,0,0
5231,1,0,1,1,1,1,1,0,0,1,1,0,1,0
5716,0,0,0,0,0,0,0,0,0,0,0,0,0,0
5211,0,1,1,1,1,1,1,0,0,0,1,0,1,0
6113,1,0,1,1,1,0,1,0,1,1,1,0,1,1
5123,0,1,1,0,1,1,1,0,0,1,1,0,1,0
5535,1,0,0,1,1,1,1,0,0,1,1,0,1,0
5956,0,1,1,1,1,1,1,1,0,1,1,0,1,0
5409,0,0,0,0,0,0,0,0,0,0,0,0,0,0
5110,0,0,0,0,0,0,0,0,0,0,0,0,0,0
5724,0,0,0,0,0,0,0,0,0,0,0,0,0,0
5631,0,0,0,1,1,1,1,0,0,1,1,0,1,0
5945,1,0,1,1,0,1,1,1,0,0,1,0,1,0
6058,0,1,1,1,1,0,1,0,0,1,1,0,1,0
5427,0,0,0,0,0,0,0,0,0,0,0,0,0,0
5942,1,0,1,1,1,0,1,0,1,1,1,0,1,0
5378,0,0,1,1,1,1,1,1,0,1,1,0,1,0
5191,0,0,1,1,1,1,1,0,1,1,1,0,1,0
5563,1,0,1,1,1,1,1,1,0,1,1,0,1,0
5532,0,0,0,0,0,0,0,0,0,0,0,0,0,0
6084,0,0,1,1,1,1,1,0,0,0,1,0,1,0
6137,0,0,0,0,0,0,0,0,0,0,0,0,0,0
5641,1,1,1,1,1,1,1,0,0,1,1,0,1,1
5060,0,0,1,1,1,1,1,0,0,1,1,0,1,0
5826,1,0,0,1,0,1,1,0,0,1,1,0,1,0
5578,0,0,0,1,1,1,1,0,0,1,1,0,1,0
5493,1,0,1,1,1,1,1,0,1,0,1,0,1,0
5687,1,0,1,0,1,1,1,0,1,0,1,0,1,1
5411,0,0,0,0,0,0,0,0,0,0,0,0,0,0
5388,0,1,1,1,1,1,1,1,0,0,1,0,1,0
5160,0,1,1,1,1,1,1,0,0,1,1,0,1,0
5722,1,0,1,1,1,1,1,1,0,1,1,0,1,0
5685,0,0,1,1,1,1,1,1,0,1,1,0,1,0
5791,1,1,0,1,1,1,1,1,1,1,1,0,1,0
5652,1,1,1,0,1,1,1,1,0,1,1,0,1,0
5455,1,0,1,1,1,1,1,1,1,1,1,0,1,0
5501,1,1,1,1,1,1,1,0,1,1,1,0,1,1
5728,0,0,1,0,1,1,1,0,1,1,1,0,1,0
5562,1,0,1,0,1,1,1,1,0,1,1,0,1,1
5803,1,0,1,1,1,1,1,0,1,1,1,0,1,0
5266,0,0,1,1,1,1,1,0,0,1,1,0,1,0
5049,0,0,0,0,0,0,0,0,0,0,0,0,0,0
5795,0,0,0,1,0,0,1,0,0,1,1,0,1,0
6033,1,0,1,1,1,1,1,1,0,0,1,0,1,0
5186,0,0,1,1,1,1,1,0,0,1,1,0,1,0
5460,0,1,1,1,1,1,1,0,0,1,1,0,1,0
5630,0,1,1,0,1,1,1,0,0,1,1,0,1,0
5433,0,0,1,1,1,1,1,1,0,1,1,0,1,1
5612,1,1,1,1,1,1,1,0,1,1,1,0,1,0
5910,1,1,1,1,1,1,1,1,0,1,1,0,1,0
5517,0,1,0,1,1,1,1,0,0,1,1,0,1,0
5303,0,0,0,0,0,0,0,0,0,0,0,0,0,0
5823,1,0,1,1,1,1,1,0,0,1,1,0,1,0
5912,1,1,1,0,0,1,1,0,1,0,1,0,1,0
5013,0,0,1,1,1,0,1,1,0,1,1,0,1,0
6063,0,1,1,1,1,1,1,1,0,1,1,0,1,1
5686,0,0,0,1,1,1,1,1,1,1,1,0,1,0
5871,0,0,0,0,0,0,0,0,0,0,0,0,0,0
5860,1,1,1,1,1,1,1,1,0,1,1,0,1,0
5900,0,0,1,1,1,0,1,1,1,1,1,0,1,0
5100,0,0,1,1,1,0,1,0,0,1,1,0,1,0
6060,0,0,1,1,1,1,1,0,0,1,1,0,1,0
5125,0,1,1,0,1,1,1,0,0,1,1,0,1,0
5136,0,0,1,1,1,0,1,1,0,1,1,0,1,0
5659,1,1,1,1,1,1,1,1,0,1,1,0,1,0
5561,1,0,0,1,1,0,1,0,1,1,1,0,1,0
6005,1,1,1,1,1,0,1,1,1,1,1,0,1,0
6009,0,1,1,1,1,1,1,1,0,1,1,0,1,0
5343,0,0,1,1,1,1,1,0,0,1,1,0,1,0
5541,0,0,0,0,0,0,0,0,0,0,0,0,0,0
5862,1,0,1,1,1,0,1,1,1,1,1,0,1,0
5327,0,0,1,1,1,0,1,1,0,1,1,0,1,0
5498,0,0,1,1,1,0,1,1,1,1,1,0,1,0
5105,0,0,0,0,0,0,0,0,0,0,0,0,0,0
6049,0,0,1,0,1,1,1,0,0,1,1,0,1,0
5689,1,1,1,1,1,1,1,1,1,1,1,0,1,0
5665,1,0,0,1,1,1,1,1,1,1,1,0,1,0
6102,0,0,0,0,0,0,0,0,0,0,0,0,0,0
5300,1,1,1,0,1,1,1,0,0,1,1,0,1,0
5672,1,0,1,1,1,1,1,1,0,1,1,0,1,0
5954,0,0,1,1,1,1,1,1,0,0,1,0,1,0
5739,1,0,1,1,1,1,1,0,1,0,1,0,1,1
5448,0,0,1,1,1,1,1,0,0,1,1,0,1,0
5761,0,0,0,0,1,1,1,0,0,1,1,0,1,0
5029,0,0,1,1,1,1,1,0,0,1,1,0,1,0
5856,0,1,1,1,1,1,1,0,1,1,1,0,1,0
5334,1,0,1,1,1,1,1,0,0,0,1,0,1,0
5037,0,0,1,1,1,1,1,1,0,0,1,0,1,0
5867,1,1,1,1,1,1,1,0,1,1,1,0,1,0
5677,1,0,1,1,1,1,1,1,0,1,1,0,1,0
5480,0,1,1,1,1,1,1,1,1,1,1,0,1,0
5576,0,0,0,0,0,0,0,0,0,0,0,0,0,0
5194,0,0,1,1,1,1,1,0,0,1,1,0,1,0
5709,1,0,1,1,1,0,1,0,0,1,1,0,1,0
6122,0,0,0,0,0,0,0,0,0,0,0,0,0,0
6061,0,1,0,1,1,1,1,0,1,1,1,0,1,0
5176,0,1,1,1,1,1,1,0,0,1,1,0,1,0
5103,0,0,1,1,1,1,1,0,0,1,1,0,1,0
5283,0,1,1,0,1,0,1,0,0,1,1,0,1,0
5950,1,1,1,1,1,1,1,1,0,1,1,0,1,0
5106,0,0,1,1,1,1,1,0,0,1,1,0,1,0
6032,1,0,1,1,1,1,1,0,0,1,1,0,1,0
5332,0,1,1,1,1,1,1,0,0,0,1,0,1,0
5951,0,0,0,0,0,0,0,0,0,0,0,0,0,0
5403,0,0,0,0,0,0,0,0,0,0,0,0,0,0
5848,0,1,1,1,1,1,1,0,0,1,1,0,1,0
5831,1,1,0,1,1,1,1,0,0,1,1,1,1,0
5469,1,1,1,1,1,1,1,0,0,1,1,0,1,0
5109,0,1,1,1,1,0,1,0,0,1,1,0,1,0
5262,0,1,1,1,1,1,1,0,0,1,1,0,1,0
5789,1,1,0,1,1,1,1,1,0,1,1,0,1,1
5423,0,0,0,0,0,0,0,0,0,0,0,0,0,0
6074,1,0,1,1,1,1,1,1,0,1,1,0,1,0
5701,1,0,1,0,1,1,1,1,0,1,1,0,1,0
5792,0,0,1,1,1,1,1,0,0,1,1,0,1,0
5474,0,0,1,0,1,1,1,1,0,1,1,0,1,0
5726,0,0,0,0,0,0,0,0,0,0,0,0,0,0
5022,0,0,1,1,1,1,1,1,0,1,1,0,1,0
6088,0,0,1,1,1,1,1,1,1,1,1,0,1,0
5509,0,0,1,1,1,1,1,1,0,1,1,0,1,0
5869,0,0,0,0,0,0,0,0,0,0,0,0,0,0
5774,1,1,1,1,1,1,1,1,0,1,1,0,1,1
5131,0,0,1,1,1,1,1,0,1,1,1,0,1,0
6112,0,1,1,1,1,1,1,1,0,1,1,0,1,0
5412,0,0,0,0,0,0,0,0,0,0,0,0,0,0
5775,0,0,0,0,0,0,0,0,0,0,0,0,0,0
6128,0,0,0,0,0,0,0,0,0,0,0,0,0,0
5637,1,1,1,1,1,1,1,0,0,1,1,0,1,0
5807,1,1,1,1,1,1,1,0,1,1,1,0,1,1
5505,1,1,1,1,1,1,1,1,0,1,1,0,1,0
5712,1,1,1,1,1,1,1,0,0,1,1,0,1,0
5788,1,0,1,1,1,1,1,1,0,1,1,0,1,1
5133,0,0,1,1,1,1,1,0,0,1,1,0,1,0
5988,1,1,1,1,1,1,1,0,0,1,1,0,1,1
6094,0,1,1,1,1,1,1,0,0,0,1,0,1,0
5089,0,0,1,1,1,1,1,0,1,1,1,0,1,0
6013,1,0,1,1,1,0,1,0,0,1,1,0,1,0
5310,1,0,1,1,1,1,1,1,0,1,1,0,1,0
5661,1,0,1,1,1,1,1,1,1,1,1,0,1,1
5767,1,1,0,1,1,1,1,0,0,1,1,0,1,0
5362,1,0,1,1,1,1,1,1,0,1,1,0,1,0
5993,0,0,1,1,1,1,1,1,0,1,1,0,1,0
5424,0,0,0,0,0,0,0,0,0,0,0,0,0,0
5405,0,0,0,0,0,0,0,0,0,0,0,0,0,0
5828,1,1,1,1,1,1,1,0,0,1,1,0,1,0
5718,1,0,1,0,1,0,1,1,0,1,1,0,1,0
5781,1,0,1,1,1,1,1,0,1,1,1,0,1,0
5394,0,0,1,1,1,1,1,0,1,1,1,0,1,1
6043,1,0,1,1,1,1,1,1,0,1,1,0,1,0
5039,0,0,0,0,0,0,0,0,0,0,0,0,0,0
5491,1,1,1,1,1,1,1,0,0,1,1,0,1,0
5391,1,1,1,1,1,1,1,0,0,0,1,0,1,0
5218,0,0,0,0,0,0,0,0,0,0,0,0,0,0
5291,0,1,1,1,1,1,1,0,0,1,1,0,1,0
5447,1,0,1,1,1,1,1,1,0,1,1,0,1,0
5978,1,1,1,1,1,1,1,0,1,1,1,0,1,0
5514,0,0,1,1,1,1,1,1,0,1,1,0,1,0
5668,1,0,1,1,1,1,1,1,0,1,1,0,1,0
5782,1,0,0,1,1,1,1,1,0,1,1,0,1,1
6139,0,0,0,0,0,0,0,0,0,0,0,0,0,0
5404,0,0,0,0,0,0,0,0,0,0,0,0,0,0
5851,1,1,1,1,1,1,1,0,0,0,1,0,1,0
5842,1,1,1,1,1,0,1,0,0,1,1,0,0,0
5200,0,0,1,1,1,1,1,1,0,1,1,0,1,0
5600,0,0,0,0,0,0,0,0,0,0,0,0,0,0
5995,1,1,1,1,1,1,1,1,0,1,1,0,1,0
6103,1,0,1,1,1,0,1,1,0,1,1,0,1,1
5275,0,0,1,1,1,0,1,0,0,1,1,0,1,0
6011,1,1,1,1,1,1,1,1,0,1,1,0,1,0
5435,0,0,1,1,1,1,1,0,0,1,1,0,1,0
5768,1,0,0,1,1,1,1,0,1,0,1,0,1,1
5936,1,0,1,1,1,1,1,0,1,1,1,0,1,0
5015,0,0,0,0,0,0,0,0,0,0,0,0,0,0
5240,0,0,0,0,0,0,0,0,0,0,0,0,0,0
5024,0,0,1,0,1,1,1,0,0,1,1,0,1,0
5064,0,1,1,1,1,1,1,0,0,1,1,0,1,0
5598,0,0,0,0,0,0,0,0,0,0,0,0,0,0
5837,1,1,0,1,1,1,1,0,0,1,1,0,1,1
6044,0,0,0,0,0,0,0,0,0,0,0,0,0,0
5088,0,1,1,1,1,0,1,0,0,1,1,0,1,0
5889,0,1,1,1,1,1,1,0,0,1,1,0,1,0
5056,0,1,1,1,1,1,1,0,0,1,1,0,1,0
5865,0,0,0,0,0,0,0,0,0,0,0,0,0,0
5339,0,0,1,1,1,1,1,0,1,1,1,0,1,0
5379,1,1,1,1,1,1,1,1,0,1,1,0,1,0
5236,0,0,1,1,1,1,1,0,0,1,1,0,1,0
5318,0,0,1,1,1,0,1,1,0,1,1,0,1,0
6069,0,1,1,1,1,1,1,0,0,1,1,0,1,0
5261,0,0,1,1,1,0,1,0,0,1,1,0,1,0
5619,0,1,1,1,1,1,1,1,0,1,1,0,1,0
5617,1,1,1,0,1,1,1,1,0,1,1,0,1,1
5920,1,0,1,1,1,1,1,0,0,1,1,0,1,0
5801,1,0,1,1,1,1,1,1,1,1,1,0,1,0
5251,0,1,1,1,1,1,1,0,0,0,1,0,1,0
6134,1,1,1,1,1,1,1,1,0,1,1,0,1,1
5888,0,0,0,0,0,0,0,0,0,0,0,0,0,0
6026,1,1,1,1,1,1,1,1,0,1,1,0,1,1
5876,0,0,0,0,0,0,0,0,0,0,0,0,0,0
5038,0,1,1,1,1,1,1,0,0,1,1,0,1,0
5765,1,1,1,1,1,1,1,0,1,1,1,0,1,0
6124,0,0,0,0,0,0,0,0,0,0,0,0,0,0
5454,0,1,1,0,1,1,1,1,1,1,1,0,1,0
5805,1,0,1,1,1,1,1,1,1,1,1,0,1,1
5520,0,0,0,0,0,0,0,0,0,0,0,0,0,0
5326,0,0,1,1,1,1,1,0,0,1,1,0,1,0
5618,1,1,1,0,1,1,1,0,0,1,1,0,1,0
5116,0,1,1,1,1,1,1,0,0,0,1,0,1,0
5463,1,1,1,1,1,0,1,1,0,1,1,0,1,0
5360,0,1,1,1,1,1,1,1,0,1,1,0,1,0
5776,1,0,1,1,1,0,1,1,0,1,1,0,1,0
5066,0,0,1,1,1,0,1,0,0,1,1,0,1,0
5179,0,0,0,0,0,0,0,0,0,0,0,0,0,0
5678,0,1,1,1,1,1,1,1,0,0,1,0,1,0
5042,0,0,1,0,1,1,1,0,0,1,1,0,1,0
5046,1,0,1,1,1,1,1,1,0,0,1,0,1,0
5147,0,0,0,0,0,0,0,0,0,0,0,0,0,0
5453,1,0,1,1,1,1,1,1,1,1,1,0,1,0
6014,0,0,1,1,1,1,1,1,0,1,1,0,1,0
5076,0,0,0,0,0,0,0,0,0,0,0,0,0,0
5012,1,1,1,1,1,1,1,0,0,1,1,0,1,0
5254,0,0,1,0,1,1,1,0,0,1,1,0,1,1
5189,0,1,1,1,1,1,1,0,0,1,1,0,1,0
5947,1,0,1,1,1,1,1,0,0,1,1,0,1,0
5699,1,0,0,1,0,1,1,1,1,0,1,0,1,0
5284,0,0,0,0,0,0,0,0,0,0,0,0,0,0
5500,0,0,0,0,0,0,0,0,0,0,0,0,0,0
5571,1,0,1,1,1,1,1,1,0,1,1,0,1,0
5521,1,0,1,1,1,1,1,1,0,1,1,0,1,1
5760,0,0,0,0,0,0,0,0,0,0,0,0,0,0
5253,0,0,1,1,1,0,1,0,0,1,1,0,1,0
6089,1,0,1,1,1,1,1,1,1,1,1,0,1,0
6050,0,0,1,1,1,1,1,0,0,1,1,0,1,0
6100,0,0,1,0,0,0,0,0,0,0,0,0,0,0
5530,0,0,1,1,1,1,1,1,0,1,1,0,1,0
5959,0,0,0,1,1,1,1,0,0,0,1,0,1,1
5298,0,1,1,1,1,1,1,0,0,1,1,0,1,0
5814,1,0,1,1,1,1,1,1,0,1,1,0,1,0
6091,1,0,0,1,1,1,1,1,1,1,1,0,1,0
5055,0,0,0,0,0,0,0,0,0,0,0,0,0,0
5680,1,0,1,1,1,1,1,0,0,1,1,0,1,0
5274,0,0,1,1,1,1,1,0,0,1,1,0,1,0
5081,0,0,1,0,1,1,1,0,1,1,1,0,1,0
5072,0,1,1,1,1,1,1,0,0,1,1,0,1,0
6054,0,1,1,1,1,1,1,0,0,1,1,0,1,0
5151,0,0,1,1,1,0,1,0,0,1,1,0,1,0
5609,0,0,0,1,1,1,1,1,0,0,1,0,1,0
5430,0,0,0,0,0,0,0,0,0,0,0,0,0,0
5421,0,0,0,0,0,0,0,0,0,0,0,0,0,0
5341,1,0,1,1,1,1,1,1,1,1,1,0,1,0
5839,1,1,1,1,1,1,1,0,1,1,1,0,1,0
5119,0,1,1,1,1,0,1,0,0,1,1,0,1,0
6117,0,1,1,1,1,0,1,0,0,0,1,0,1,0
5128,0,1,1,1,1,1,1,0,0,0,1,0,1,0
5673,1,0,1,1,1,1,1,0,0,1,1,0,1,0
5265,0,0,0,0,0,0,0,0,0,0,0,0,0,0
5843,1,1,1,1,1,1,1,0,0,0,1,0,1,1
5764,1,0,1,1,1,1,1,1,0,0,1,0,1,0
6010,1,0,1,1,1,1,1,0,0,1,1,0,1,0
5352,1,0,1,1,0,1,1,1,0,1,1,0,1,0
5400,0,1,1,1,1,1,1,0,1,1,1,0,1,0
5414,0,0,0,0,0,0,0,0,0,0,0,0,0,0
5868,1,0,1,1,0,1,1,1,0,0,1,0,1,1
5368,0,0,0,0,0,0,0,0,0,0,0,0,0,0
5319,0,1,1,1,1,1,1,1,0,1,1,0,1,0
5746,1,1,0,1,1,1,1,1,0,1,1,0,1,0
5572,1,0,1,1,1,1,1,1,0,1,1,0,1,0
6071,0,0,1,1,1,1,1,1,0,1,1,0,1,0
5137,0,0,0,0,0,0,0,0,0,0,0,0,0,0
5605,0,1,1,1,1,1,1,1,0,0,1,0,0,0
5476,0,0,1,1,1,1,1,0,0,1,1,0,1,0
5229,0,0,1,0,1,1,1,0,0,1,1,0,1,0
5771,0,0,0,0,0,0,0,0,0,0,0,0,0,0
5658,1,0,1,0,1,0,1,0,0,1,1,0,1,1
6104,0,1,1,1,1,1,1,1,0,0,1,0,1,0
5198,0,1,1,1,1,1,1,0,0,0,1,0,1,0
5034,0,0,0,0,0,0,0,0,0,0,0,0,0,0
5175,0,0,1,1,1,1,1,1,0,1,1,0,1,0
6079,1,0,1,1,1,1,1,1,0,1,1,0,1,0
5634,1,0,1,1,0,1,1,1,0,1,1,0,1,0
5882,0,0,0,0,0,0,0,0,0,0,0,0,0,0
5282,1,1,1,1,1,1,1,1,0,1,1,0,1,0
5187,0,0,1,1,1,1,1,0,0,1,1,0,1,0
5922,1,1,1,1,1,1,1,0,1,1,1,0,1,0
5440,0,0,1,1,1,1,1,1,0,1,1,0,1,0
5058,0,1,1,1,1,1,1,0,0,1,1,0,1,0
5197,1,0,1,1,1,1,1,0,0,1,1,0,1,0
5053,0,1,1,1,1,1,1,1,0,0,1,0,1,0
5796,0,0,0,0,1,1,1,0,0,1,1,0,1,0
6057,1,0,1,1,1,1,1,1,1,1,1,0,1,0
5599,1,1,1,1,1,1,1,0,0,1,1,0,1,0
5989,0,0,1,1,1,1,1,1,1,1,1,0,1,0
5375,1,0,1,1,1,1,1,0,1,0,1,0,1,0
5158,0,0,1,1,1,1,1,0,0,1,1,0,1,0
5585,0,0,0,0,0,0,0,0,0,0,0,0,0,0
5114,0,0,1,1,1,0,1,0,0,1,1,0,1,0
5955,0,0,1,1,1,1,1,1,1,1,1,0,1,0
5994,1,0,1,1,1,1,1,0,0,1,1,0,1,1
5134,1,0,1,1,1,1,1,0,0,1,1,0,1,0
6025,0,0,0,1,1,1,1,1,0,1,1,0,1,0
5446,0,0,1,1,1,0,1,1,0,1,1,0,1,0
5358,1,1,1,1,1,1,1,1,0,1,1,0,1,0
6055,0,1,1,1,1,0,1,0,0,1,1,0,1,0
5832,1,0,0,1,1,1,1,1,1,1,1,0,1,1
5537,0,0,0,0,0,0,0,0,0,0,0,0,0,0
5293,0,1,1,1,1,1,1,0,0,0,1,0,1,0
5462,1,0,1,1,1,1,1,0,0,1,1,0,1,0
5443,1,0,1,1,1,1,1,1,0,0,1,0,1,0
5519,0,0,0,1,1,1,1,1,1,1,1,0,1,0
5759,0,1,1,1,1,1,1,0,0,1,1,0,1,1
5102,0,1,1,0,0,1,1,0,0,0,1,0,1,0
5692,1,0,1,1,1,1,1,1,0,1,1,0,1,1
5490,1,1,1,1,1,1,1,1,1,1,1,0,1,0
5296,0,0,1,1,1,1,1,0,1,1,1,0,1,0
6020,1,0,1,1,1,1,1,1,1,1,1,0,1,0
5531,0,1,1,1,1,1,1,1,0,1,1,0,1,0
6030,1,1,1,1,1,1,1,1,1,1,1,0,1,0
5705,1,0,0,1,1,1,1,0,0,1,1,0,1,0
5377,0,0,1,1,1,0,1,1,0,1,1,0,1,0
5586,0,0,1,0,1,1,1,0,1,1,1,0,1,0
5601,1,0,1,1,1,1,1,0,1,1,1,0,1,1
5005,0,0,1,1,0,1,1,1,0,0,1,0,1,0
5704,1,1,1,1,1,1,1,0,0,1,1,0,1,0
5730,1,0,1,1,1,1,1,0,0,1,1,0,1,0
5438,0,0,1,1,1,1,1,1,0,1,1,0,1,1
5271,0,1,1,1,1,1,1,1,0,0,1,0,1,0
5885,0,0,0,0,0,0,0,0,0,0,0,0,0,0
5953,1,1,1,1,1,1,1,0,1,1,1,0,1,0
5736,1,0,1,1,1,1,1,1,0,1,1,0,1,0
5301,1,1,1,1,1,1,1,0,0,1,1,0,1,1
5486,0,0,0,0,0,0,0,0,0,0,0,0,0,0
5905,1,1,0,1,1,1,1,0,0,1,1,0,1,0
5449,0,0,1,1,1,1,1,1,0,1,1,0,1,0
5797,0,0,0,0,0,0,0,0,0,0,0,0,0,0
5608,1,0,1,1,1,1,1,0,1,1,1,0,1,0
5606,0,1,1,1,1,1,1,1,0,0,1,0,1,0
5887,0,0,1,1,1,1,1,1,0,1,1,0,1,0
5389,0,0,0,0,0,0,0,0,0,0,0,0,0,0
5558,1,0,1,1,1,1,1,1,1,1,1,0,1,0
6015,1,1,1,1,1,1,1,0,0,1,1,0,1,0
5227,1,1,1,1,1,0,1,0,0,0,1,0,1,0
5415,0,0,0,0,0,0,0,0,0,0,0,0,0,0
5538,0,0,0,0,0,0,0,0,0,0,0,0,0,0
5925,1,1,1,1,1,1,1,1,0,1,1,0,1,1
5299,0,0,1,1,1,1,1,0,0,1,1,0,1,0
5670,1,1,1,1,1,1,1,0,0,1,1,0,1,0
5257,0,1,1,1,1,1,1,0,0,1,1,0,1,0
6138,0,0,1,1,1,1,1,0,1,1,1,0,1,0
5793,1,0,0,1,1,1,1,1,1,1,1,0,1,0
5921,1,1,1,0,1,1,1,0,1,1,1,0,1,1
5070,0,0,0,0,0,0,0,0,0,0,0,0,0,0
5962,0,1,1,1,1,1,1,1,0,0,1,0,1,0
5337,1,0,1,1,0,1,1,1,0,1,1,0,1,0
5997,0,0,1,1,1,0,1,0,0,0,1,0,1,0
5811,1,0,1,1,1,1,1,0,1,1,1,0,1,0
5206,0,0,1,1,1,1,1,0,0,1,1,0,1,0
5373,0,1,1,1,1,1,1,0,0,1,1,0,1,0
5720,1,0,1,1,1,1,1,0,0,1,1,0,1,0
5844,1,0,1,1,1,0,1,0,1,1,1,0,1,1
5901,1,0,0,1,1,1,1,1,0,0,1,0,1,0
5376,0,0,1,1,1,1,1,1,0,1,1,0,1,0
5534,0,1,0,1,1,1,1,0,0,1,1,0,1,0
5874,0,0,0,0,0,0,0,0,0,0,0,0,0,0
5975,1,0,1,1,1,1,1,1,0,0,1,0,1,0
5025,0,0,1,0,0,0,1,1,1,1,1,0,1,0
5926,0,1,1,1,1,1,1,1,0,1,1,0,1,0
5065,0,1,1,1,1,1,1,0,0,1,1,0,1,0
5393,0,1,1,1,1,1,1,0,0,1,1,0,1,0
6048,1,1,1,1,1,1,1,1,0,1,1,0,1,0
5278,0,1,1,1,1,1,1,1,0,1,1,0,1,0
5830,1,1,1,1,1,1,1,0,0,1,1,0,1,1
5178,0,0,0,0,0,0,0,0,0,0,0,0,0,0
5112,1,0,1,1,1,0,1,0,1,1,1,0,1,0
5595,0,0,0,0,0,0,0,0,0,0,0,0,0,0
5456,0,0,1,1,0,1,1,0,1,1,1,0,1,0
5691,1,1,0,1,1,0,1,0,1,1,1,0,1,1
5840,0,1,1,0,1,1,1,1,0,1,1,0,1,0
5026,0,1,1,1,1,1,1,1,0,1,1,0,1,0
5529,0,0,0,0,0,0,0,0,0,0,0,0,0,0
5835,1,0,1,1,1,1,1,0,1,1,1,0,1,0
5305,0,0,1,0,1,0,1,0,0,1,1,0,1,1
6046,1,0,1,1,1,1,1,0,0,1,1,0,1,1
5743,1,1,1,1,1,1,1,0,0,1,1,0,1,1
5097,0,1,1,1,1,0,1,0,0,1,1,0,1,0
5467,0,0,1,1,1,1,1,1,0,1,1,0,1,0
5516,1,1,1,1,1,1,1,1,0,1,1,0,1,0
5663,1,1,0,1,1,1,1,0,0,1,1,0,1,0
5883,0,0,0,0,0,0,0,0,0,0,0,0,0,0
5345,1,0,1,1,1,1,1,1,0,1,1,0,1,0
5629,1,0,1,1,1,1,1,1,0,1,1,0,1,0
5279,1,0,1,1,1,1,1,0,0,1,1,0,1,0
5342,0,0,1,1,1,1,1,0,0,1,1,0,1,0
5580,1,0,1,1,1,1,1,0,1,1,1,0,1,1
5243,0,1,1,1,1,1,1,0,0,0,1,0,1,0
5815,0,1,1,1,1,1,1,0,0,1,1,0,1,0
5090,0,1,1,1,1,1,1,0,0,0,1,0,1,0
5749,0,1,1,1,1,1,1,0,0,1,1,0,1,1
5734,1,0,0,1,1,1,1,1,0,1,1,0,1,0
5410,0,0,0,0,0,0,0,0,0,0,0,0,0,0
5556,0,0,1,1,1,1,1,1,1,1,1,0,1,1
5346,0,0,1,1,1,1,1,0,0,1,1,0,1,0
5382,0,0,1,1,1,1,1,1,0,1,1,0,1,0
6067,1,1,1,1,1,0,1,0,0,1,1,0,1,0
5979,0,0,1,1,1,1,1,1,0,1,1,0,1,0
6120,0,0,0,0,0,0,0,0,0,0,0,0,0,0
5033,0,0,1,1,1,1,1,0,0,1,1,0,1,0
6096,1,0,1,1,1,1,1,1,1,1,1,0,1,0
5401,0,0,0,0,0,0,0,0,0,0,0,0,0,0
5635,1,0,1,1,1,1,1,0,0,1,1,0,1,0
5555,1,0,1,1,1,1,1,1,0,1,1,0,1,0
6073,0,0,0,0,0,0,0,0,0,0,0,0,0,0
5592,0,1,1,1,1,1,1,1,0,1,1,0,1,0
5228,0,0,1,1,1,1,1,0,0,1,1,0,1,0
5624,1,0,0,1,1,0,1,1,0,1,1,0,1,0
5063,0,0,1,0,0,0,1,0,0,1,1,0,1,0
5214,0,0,1,1,1,1,1,1,0,1,1,0,1,0
5384,0,0,1,1,1,1,1,0,0,1,1,0,1,0
5671,1,0,1,0,1,1,1,0,1,1,1,0,1,0
5472,0,0,0,0,0,0,0,0,0,0,0,0,0,0
5078,0,1,1,1,1,1,1,0,0,1,1,0,1,0
6039,1,0,1,1,1,1,1,1,0,1,1,0,1,0
5773,0,1,1,1,1,1,1,0,0,0,1,0,1,0
5911,0,0,1,1,1,1,1,1,0,1,1,0,1,0
5237,0,0,1,1,1,0,1,0,0,1,1,0,1,0
5511,0,0,0,0,0,0,0,0,0,0,0,0,0,0
5167,1,1,1,0,1,0,1,0,0,0,1,0,1,0
5223,0,1,1,1,1,1,1,0,0,1,1,0,1,0
6051,1,1,1,1,1,0,1,0,1,1,1,0,1,0
5834,1,0,1,1,1,1,1,1,0,1,1,0,1,0
5473,1,0,1,1,1,1,1,1,0,1,1,0,1,0
5800,1,0,1,1,1,1,1,1,0,0,1,0,1,0
6126,1,0,1,1,1,1,1,1,0,1,1,0,1,0
5195,1,0,1,1,1,1,1,1,0,1,1,0,1,0
5656,0,1,1,0,1,1,1,1,0,1,1,0,1,0
5966,0,0,0,1,1,1,1,0,0,1,1,0,1,0
6075,0,0,0,0,1,0,0,0,0,0,0,0,1,0
5772,0,1,1,1,1,1,1,0,0,0,1,0,1,0
5294,0,1,1,1,1,1,1,0,0,1,1,0,1,0
5707,0,1,1,1,1,1,1,1,0,1,1,0,1,0
5972,1,1,1,1,1,1,1,1,0,1,1,0,1,0
5143,0,1,1,1,1,1,1,0,1,1,1,0,1,0
5582,0,0,1,1,1,1,1,1,0,1,1,0,1,0
5171,0,0,1,1,1,1,1,0,0,1,1,0,1,0
5101,0,0,1,1,1,1,1,0,0,1,1,0,1,0
5650,1,0,1,1,1,1,1,0,0,1,1,0,1,0
5822,0,0,1,1,1,1,1,1,0,1,1,0,1,0
5884,0,0,0,0,0,0,0,0,0,0,0,0,0,0
6000,0,0,0,1,1,1,1,1,0,1,1,0,1,0
5099,0,1,1,1,1,1,1,0,0,1,1,0,1,0
5588,1,0,1,1,1,1,1,0,0,0,1,0,1,0
5935,1,0,1,1,1,1,1,1,1,1,1,0,1,0
5923,0,0,1,0,1,1,1,0,0,1,1,0,1,0
6007,0,0,0,0,0,0,0,0,0,0,0,0,0,0
5916,1,1,1,1,1,1,1,1,0,0,1,0,1,0
5755,1,0,1,1,1,1,1,0,1,1,1,0,1,0
5713,0,1,1,1,0,1,1,1,0,0,1,0,1,0
5045,0,1,1,1,1,1,1,0,0,1,1,0,1,1
5028,0,1,1,1,1,1,1,0,0,1,1,0,1,0
5202,0,0,0,0,0,0,0,0,0,0,0,0,0,0
6029,1,1,1,1,1,0,1,0,0,1,1,0,1,1
5040,0,1,1,0,1,1,1,0,0,1,1,0,1,0
5983,0,0,1,0,1,1,1,1,0,1,1,0,1,0
6086,1,1,1,1,1,1,1,0,0,1,1,0,1,0
5169,0,1,1,1,1,0,1,0,0,1,1,0,1,0
5769,1,1,1,1,0,1,1,0,0,1,1,0,1,0
5551,0,0,0,0,0,0,0,0,0,0,0,0,0,0
5864,1,0,1,1,1,0,1,0,1,1,1,0,1,1
5146,0,0,0,0,0,0,0,0,0,0,0,0,0,0
6047,0,1,1,1,1,1,1,1,1,1,1,0,1,0
5982,0,0,0,0,0,0,0,0,0,0,0,0,0,0
5371,1,1,1,1,1,1,1,1,0,1,1,0,1,0
5212,0,0,1,0,1,1,1,0,0,1,1,0,1,0
5738,0,0,1,1,1,1,1,0,0,1,1,0,1,0
6127,0,0,0,0,0,0,0,0,0,0,0,0,0,0
6141,0,0,1,1,1,1,1,1,0,1,1,0,1,0
5192,0,1,1,1,1,1,1,1,0,1,1,0,1,0
5249,1,1,1,1,1,0,1,0,0,1,1,0,1,0
5444,1,0,1,1,1,0,1,0,0,1,1,0,1,0
5998,0,0,1,0,1,1,1,1,0,1,1,0,1,0
5919,0,1,0,1,1,1,1,1,0,0,1,0,1,1
5757,0,0,0,0,0,0,0,0,0,0,0,0,0,0
5929,1,0,0,0,1,1,1,1,1,1,1,0,1,1
5306,0,0,0,0,0,0,0,0,0,0,0,0,0,0
6041,1,1,1,1,1,1,1,0,0,1,1,0,1,1
5996,0,1,1,1,1,0,1,0,0,0,1,0,1,0
5723,0,0,0,0,0,0,0,0,0,0,0,0,0,0
5023,0,0,1,1,0,0,1,0,0,1,1,0,1,0
6031,1,0,1,1,1,0,1,0,0,1,1,0,1,0
5510,0,0,0,0,0,0,0,0,0,0,0,0,0,0
5366,0,0,1,1,1,0,1,0,0,1,1,0,1,0
5898,0,0,1,1,1,1,1,1,0,1,1,0,1,0
5190,0,1,1,1,1,0,1,1,1,1,1,0,1,0
5855,1,0,1,1,1,1,1,0,0,1,1,0,1,0
5940,0,1,1,1,1,1,1,0,0,1,1,0,1,1
5233,1,0,1,1,1,1,1,1,0,1,1,0,1,0
6024,1,1,1,1,1,1,1,1,0,1,1,0,1,0
5295,0,0,0,0,0,0,0,0,0,0,0,0,0,0
5577,1,0,0,1,1,0,1,0,0,1,1,0,1,0
5651,1,0,1,1,1,1,1,0,0,0,1,0,1,0
5083,0,0,1,1,1,1,1,0,0,1,1,0,1,0
6035,0,0,0,0,0,0,0,0,0,0,0,0,0,0
5985,1,0,1,1,1,1,1,1,0,1,1,0,1,0
5741,1,1,1,1,1,1,1,0,1,1,1,0,1,0
5574,1,0,0,1,1,1,1,1,0,1,1,0,1,0
5821,1,1,1,1,1,1,1,0,0,1,1,0,1,0
5068,0,1,1,0,1,0,1,0,0,1,1,0,1,0
5991,1,1,1,1,1,0,1,1,0,1,1,0,1,0
5706,0,0,1,1,0,1,1,0,0,1,1,0,1,0
5971,0,1,1,0,1,1,1,1,0,1,1,0,1,0
6066,1,1,1,1,1,1,1,1,0,1,1,0,1,0
5355,1,1,1,1,1,0,1,0,0,1,1,0,1,0
5019,0,0,1,0,1,0,1,0,0,1,1,0,1,0
5154,0,0,0,0,1,1,1,0,0,0,1,0,1,0
5043,0,0,0,0,0,0,0,0,0,0,0,0,0,0
5568,0,1,1,1,1,0,1,1,0,1,1,0,1,0
5155,1,0,1,1,1,1,1,1,1,1,1,0,1,0
5286,0,0,1,1,1,1,1,0,1,1,1,0,1,0
5018,0,0,0,0,0,0,0,0,0,0,0,0,0,0
5594,1,1,1,1,1,1,1,1,0,1,1,0,1,0
5359,0,0,1,1,1,1,1,0,0,1,1,0,1,0
5437,1,0,1,1,1,1,1,0,1,1,1,0,1,0
6087,0,0,0,0,0,0,0,0,0,0,0,0,0,0
5863,0,0,1,1,1,1,1,1,1,1,1,0,1,0
5866,0,1,1,1,1,1,1,0,0,1,1,0,1,0
6119,1,0,1,1,1,0,1,0,0,1,1,0,1,1
5079,0,1,1,1,1,1,1,0,0,1,1,0,1,0
5084,1,1,1,1,1,1,1,0,0,1,1,0,1,0
5794,1,1,1,1,1,1,1,1,1,1,1,0,1,0
5628,1,0,1,1,1,0,1,1,1,1,1,0,1,0
5399,0,0,1,0,1,0,1,1,0,1,1,0,1,0
5928,0,0,0,1,1,1,1,1,0,1,1,0,1,0
6133,1,0,1,1,1,1,1,1,1,1,1,0,1,0
5603,0,0,1,1,1,0,1,1,0,1,1,0,1,0
5263,0,0,1,1,1,1,1,0,0,1,1,0,1,0
6114,0,0,0,0,0,0,0,0,0,0,0,0,0,0
5808,1,0,0,1,1,1,1,1,1,1,1,0,1,1
5129,1,0,1,1,1,1,1,0,1,0,1,0,1,0
5062,0,1,1,1,1,1,1,0,0,1,1,0,1,0
5431,0,0,1,1,1,1,1,0,0,1,1,0,1,0
5313,0,0,1,0,1,1,1,0,0,1,1,0,1,0
5731,0,1,0,1,1,1,1,0,1,0,1,0,1,1
5304,0,0,1,1,1,1,1,0,1,1,1,0,1,0
5559,1,0,1,1,1,1,1,0,0,1,1,0,1,0
5048,0,1,1,1,1,1,1,0,0,1,1,0,1,0
6111,0,0,0,0,0,0,0,0,0,0,0,0,0,0
5627,1,0,1,1,1,1,1,0,1,1,1,0,1,1
5639,1,1,0,1,1,0,1,1,0,0,1,0,1,0
6064,1,1,1,1,1,0,1,1,1,1,1,0,1,0
5093,0,0,1,0,1,1,1,0,0,1,1,0,1,0
5050,0,1,1,1,1,1,1,0,0,1,1,0,1,0
5329,0,0,0,0,0,0,0,0,0,0,0,0,0,0
5667,1,0,1,0,1,0,1,1,1,1,1,0,1,1
5494,0,0,0,0,0,0,0,0,0,0,0,0,0,0
5330,1,1,1,1,1,1,1,0,0,1,1,0,1,0
5812,0,1,1,1,1,1,1,0,0,1,1,0,1,1
6108,0,1,1,1,1,1,1,0,0,1,1,0,1,0
5676,0,0,0,0,1,0,1,1,0,1,1,0,1,0
5533,0,1,1,0,1,1,1,1,0,1,1,0,1,0
5719,1,1,1,1,1,1,1,0,1,1,1,0,1,0
5937,0,1,1,1,1,0,1,0,0,1,1,0,1,0
5526,0,1,1,1,1,0,1,1,1,1,1,1,1,0
5833,1,0,1,1,1,1,1,0,0,1,1,0,1,0
5717,1,0,1,1,1,1,1,1,0,1,1,0,1,0
5990,1,1,1,1,1,1,1,1,0,1,1,0,1,0
6056,0,1,1,1,1,1,1,1,0,0,1,0,1,0
5059,0,0,0,0,0,0,0,0,0,0,0,0,0,0
5085,0,0,1,0,1,1,1,0,0,1,1,0,1,0
5902,1,0,1,1,1,1,1,1,1,1,1,0,1,0
5914,1,0,1,1,1,1,1,0,1,1,1,0,1,1
5365,1,1,1,1,1,1,1,1,0,0,1,0,1,0
6132,0,0,0,0,0,0,0,0,0,0,0,0,0,0
5518,0,0,1,1,1,1,1,1,0,1,1,0,1,0
5669,1,0,1,1,1,1,1,1,0,1,1,0,1,0
6059,0,0,0,0,0,0,0,0,0,0,0,0,0,0
5492,0,0,1,0,1,1,1,0,0,1,1,0,1,0
5067,0,1,1,1,1,1,1,0,0,1,1,0,1,0
5450,0,1,1,1,1,1,1,1,0,1,1,0,1,0
5071,0,1,1,1,1,1,1,0,0,1,1,0,1,0
5496,1,0,1,0,1,1,1,1,1,1,1,0,1,1
5204,1,1,1,1,1,1,1,0,0,1,1,0,1,0
6042,0,1,1,1,1,0,1,1,0,1,1,0,1,0
5934,1,0,1,1,0,0,1,0,1,1,1,0,1,0
5566,1,0,1,0,1,1,1,1,0,1,1,0,1,0
5127,1,1,1,1,1,1,1,0,0,1,1,0,1,0
5479,0,0,0,0,0,0,0,0,0,0,0,0,0,0
6098,1,0,1,1,1,1,1,1,1,1,1,0,1,0
5315,0,0,1,0,1,0,1,0,0,1,1,0,1,0
5697,0,0,0,1,1,1,1,0,0,1,1,0,1,0
5786,1,0,1,1,1,1,1,1,0,0,1,0,1,1
5367,0,0,1,1,1,1,1,1,0,1,1,0,1,0
5870,0,0,0,0,0,0,0,0,0,0,0,0,0,0
5690,1,1,1,1,1,1,1,0,1,1,1,0,1,1
5328,1,0,1,1,1,0,1,0,0,1,1,0,1,0
5014,0,0,0,0,0,0,0,0,0,0,0,0,0,0
6027,1,1,1,1,1,1,1,0,1,1,1,0,1,0
5111,0,1,1,1,1,1,1,0,0,1,1,0,1,0
6123,0,0,1,1,1,1,1,1,1,1,1,0,1,0
5941,1,0,1,1,1,1,1,0,0,1,1,0,1,0
5264,0,0,1,0,1,0,1,0,0,1,1,0,1,0
5632,1,1,1,1,1,1,1,0,0,1,1,0,1,0
5907,1,0,1,1,1,1,1,1,1,1,1,0,1,0
5413,0,0,0,0,0,0,0,0,0,0,0,0,0,0
5217,0,0,1,1,1,1,1,1,0,1,1,0,1,0
5041,0,1,1,1,1,0,1,0,0,1,1,0,1,0
5703,1,1,0,1,1,1,1,1,1,1,1,0,1,0
6052,1,1,1,1,1,1,1,0,1,1,1,0,1,0
5824,0,0,1,1,0,1,1,0,1,1,1,0,1,0
5164,1,0,1,1,1,1,1,0,0,0,1,0,1,0
5193,1,1,1,1,1,0,1,0,0,1,1,0,1,0
5220,0,1,1,1,1,1,1,0,0,1,1,0,1,0
5714,1,0,1,1,1,1,1,1,0,1,1,0,1,1
5522,0,0,0,0,0,0,0,0,0,0,0,0,0,0
5185,0,0,0,0,0,0,0,0,0,0,0,0,0,0
5961,1,0,1,1,1,1,1,0,0,1,1,0,1,0
5597,0,0,0,0,0,0,0,0,0,0,0,0,0,0
5285,1,0,1,1,1,1,1,0,0,1,1,0,1,0
5890,0,0,1,1,0,1,1,1,0,1,1,0,1,0
5798,1,0,1,0,1,0,1,1,0,0,1,0,1,0
6038,1,0,1,1,1,0,1,1,1,1,1,0,1,0
5569,0,0,0,0,0,0,0,0,0,0,0,0,0,0
5350,1,0,1,0,1,1,1,0,0,0,1,0,1,0
5984,1,1,1,1,1,1,1,1,1,1,1,0,1,0
5138,0,1,1,1,1,1,1,0,1,1,1,0,1,0
5903,0,0,0,0,0,0,0,0,0,0,0,0,0,0
5239,0,1,1,1,1,1,1,0,0,1,1,0,1,0
5653,1,0,1,1,1,1,1,1,0,1,1,0,1,0
5420,0,0,0,0,0,0,0,0,0,0,0,0,0,0
5643,0,0,0,0,0,0,0,0,0,0,0,0,0,0
5027,0,0,1,1,1,0,1,0,0,1,1,0,1,0
5385,1,0,1,1,1,0,1,1,0,1,1,0,1,0
5660,1,1,1,1,1,0,1,1,0,1,1,0,1,0
6080,1,1,1,1,1,1,1,0,1,1,1,0,1,1
5215,1,1,1,1,1,0,1,0,0,1,1,0,1,0
5277,0,0,1,1,1,1,1,0,0,1,1,0,1,0
5162,0,1,1,1,1,0,1,0,1,1,1,0,1,0
5528,0,0,0,0,0,0,0,0,0,0,0,0,0,0
5213,0,0,0,0,0,0,0,0,0,0,0,0,0,0
5166,0,1,1,0,1,1,1,0,0,1,1,0,1,0
6045,1,0,0,1,1,1,1,0,1,1,1,0,1,0
5140,1,1,1,1,1,1,1,0,0,1,1,0,1,0
5745,0,0,0,0,0,0,0,0,0,0,0,0,0,0
5163,1,0,1,0,1,0,1,0,0,1,1,0,1,0
5314,0,0,1,1,1,1,1,0,1,1,1,0,1,0
5567,0,1,1,1,1,0,1,1,0,1,1,0,1,0
5297,1,0,1,1,1,0,1,0,0,0,1,0,1,0
5756,0,0,0,0,0,0,0,0,0,0,0,0,0,0
6065,1,1,1,1,1,1,1,0,0,1,1,0,1,0
5938,1,0,1,1,1,0,1,0,1,1,1,0,1,0
5485,0,0,0,0,0,0,0,0,0,0,0,0,0,0
6019,1,1,0,1,1,0,1,1,0,1,1,0,1,1
5858,1,1,1,1,1,1,1,0,1,1,1,0,1,0
5082,0,1,1,0,1,1,1,0,0,1,1,0,1,0
5159,1,0,1,1,1,1,1,1,0,1,1,0,1,0
5150,0,0,1,0,1,1,1,0,0,1,1,0,1,0
5859,1,1,1,1,1,1,1,1,1,1,1,0,1,0
5121,1,1,1,1,1,0,1,0,0,1,1,0,1,0
5963,1,1,1,1,1,1,1,1,0,1,1,0,1,0
5272,0,0,1,1,1,1,1,0,0,1,1,0,1,0
5165,0,1,1,1,1,1,1,0,0,1,1,0,1,0
5763,1,1,1,1,1,1,1,0,0,1,1,0,1,1
5436,0,0,1,0,1,1,1,0,0,1,1,0,1,0
5287,0,1,1,1,1,1,1,0,0,1,1,0,1,0
5802,1,0,1,1,1,1,1,1,1,1,1,0,1,0
5581,0,0,1,1,1,1,1,0,1,1,1,0,1,0
5503,0,0,1,0,1,0,1,0,1,1,1,0,1,0
5139,0,0,1,0,1,1,1,0,0,1,1,0,1,0
5897,1,1,1,1,1,1,1,0,1,1,1,0,1,1
5113,0,0,1,0,1,1,1,0,0,1,1,0,1,0
5952,1,1,1,1,1,1,1,0,1,1,1,0,1,1
5445,1,0,1,1,0,1,1,1,1,0,1,0,1,1
5847,1,0,1,1,1,0,1,0,1,1,1,0,1,1
5141,0,0,1,0,1,1,1,0,0,1,1,0,1,0
5610,0,0,1,1,1,1,1,0,1,1,1,0,1,0
5742,0,1,1,1,1,1,1,0,0,1,1,0,1,0
5715,0,0,1,1,1,1,1,1,0,1,1,0,1,0
5222,0,1,1,1,1,0,1,0,0,0,1,0,1,0
5232,0,1,1,1,1,0,1,0,0,1,1,0,1,1
6004,0,0,1,1,1,1,1,0,0,1,1,0,1,1
6082,0,1,1,1,1,1,1,0,0,1,1,0,1,0
5829,1,1,1,1,1,1,1,1,1,1,1,0,1,1
5087,0,1,1,1,1,0,1,0,0,1,1,0,1,0
5396,0,1,1,1,1,1,1,1,0,1,1,0,1,0
5428,0,1,1,1,1,1,1,0,0,1,1,0,1,0
5515,1,0,1,1,0,1,1,1,0,0,1,0,1,0
5891,1,0,1,1,1,1,1,1,0,0,1,0,1,0
5145,0,0,1,1,1,1,1,0,0,1,1,0,1,0
5944,1,0,1,1,1,1,1,1,1,1,1,0,1,1
5153,0,1,1,1,1,1,1,0,0,1,1,0,1,0
5487,0,0,0,0,0,0,0,0,0,0,0,0,0,0
5638,1,1,1,0,1,1,1,1,1,1,1,0,1,0
5564,1,0,1,1,1,0,1,0,0,1,1,0,1,0
5721,0,0,1,1,1,1,1,0,0,1,1,0,1,1
5924,0,1,1,1,1,1,1,0,0,0,1,0,1,0
5804,1,0,1,1,1,1,1,1,1,1,1,0,1,1
5729,0,1,1,1,0,1,1,1,0,0,1,0,1,0
5209,0,0,1,0,1,1,1,1,0,1,1,0,1,0
5930,0,0,1,1,1,1,1,0,0,1,1,0,1,0
5374,1,1,1,1,1,1,1,0,0,1,1,0,1,0
5363,0,0,1,1,1,1,1,0,0,0,1,0,1,0
5422,0,0,0,0,0,0,0,0,0,0,0,0,0,0
6130,1,1,1,1,1,0,1,1,1,1,1,0,1,0
5986,1,1,1,1,1,1,1,0,1,1,1,0,1,1
5633,0,1,1,1,1,1,1,1,0,0,1,0,1,0
5280,0,0,1,1,1,0,1,0,0,1,1,0,1,0
6118,0,0,0,0,0,0,0,0,0,0,0,0,0,0
5353,1,0,1,1,1,1,1,0,0,0,1,0,1,0
5340,0,0,1,1,1,0,1,0,0,1,1,0,1,0
5579,0,0,1,0,1,1,1,0,1,1,1,0,1,0
5156,0,0,1,1,1,0,1,0,0,1,1,0,1,0
5057,1,0,1,1,1,1,1,0,0,1,1,0,1,0
5747,0,0,1,1,1,1,1,0,1,1,1,0,1,1
5879,0,0,0,0,0,0,0,0,0,0,0,0,0,0
5542,0,1,1,1,0,1,1,1,0,0,1,0,1,0
5674,1,0,0,1,1,1,1,1,0,1,1,0,1,0
5557,1,0,0,1,1,1,1,0,0,1,1,0,1,0
5512,0,0,0,0,0,0,0,0,0,0,0,0,0,0
5992,1,1,1,1,1,1,1,1,0,1,1,0,1,0
5406,0,0,0,0,0,0,0,0,0,0,0,0,0,0
5281,0,0,0,0,0,0,0,0,0,0,0,0,0,0
5778,0,1,1,1,1,1,1,1,0,0,1,0,1,0
5657,1,1,0,1,1,1,1,1,0,0,1,0,1,0
6131,0,1,1,1,1,1,1,0,0,0,1,0,1,0
5987,0,0,0,0,0,0,0,0,0,0,0,0,0,0
5623,1,0,1,1,1,1,1,1,1,1,1,0,1,0
6021,0,1,1,1,1,0,1,1,0,1,1,0,1,0
6070,1,0,1,1,1,1,1,0,1,1,1,0,1,0
6078,1,1,1,1,1,1,1,0,0,1,1,0,1,0
5554,1,1,1,1,1,1,1,1,1,1,1,0,1,1
5753,0,1,1,1,1,1,1,1,0,1,1,0,1,0
5710,1,0,0,1,1,1,1,0,1,1,1,0,1,1
5290,0,0,0,0,0,0,0,0,0,0,0,0,0,0
5553,1,0,1,1,1,1,1,1,0,1,1,0,1,0
6008,1,0,1,1,1,1,1,0,0,0,1,0,1,1
5766,0,0,0,0,1,1,1,0,0,1,1,0,1,0
5016,0,0,0,0,0,0,0,0,0,0,0,0,0,0
