<Session><Session_id>4</Session_id><Participant_id>2f019cde-5ca2-4c39-998d-3715d45c2335</Participant_id><Set_size>5</Set_size><session_configuration>fixed</session_configuration><Objects><Object file="Type_Torus_Tag_Circle_Colour_Brown_Size_Small.png" id="b82ea6ce-a629-4343-a70b-98c2ee76f9ca" target="False"><Attribute name="COLOUR" value="BROWN" /><Attribute name="SIZE" value="SMALL" /><Attribute name="TAG" value="CIRCLE" /><Attribute name="TYPE" value="TORUS" /><Attribute name="XPOS" value="0" /><Attribute name="YPOS" value="0" /></Object><Object file="Type_Torus_Tag_Square_Colour_Dark-red_Size_Medium.png" id="331c8449-2c2e-4f72-b399-2e3cc28e0f58" target="False"><Attribute name="COLOUR" value="DARK-RED" /><Attribute name="SIZE" value="MEDIUM" /><Attribute name="TAG" value="SQUARE" /><Attribute name="TYPE" value="TORUS" /><Attribute name="XPOS" value="0" /><Attribute name="YPOS" value="1" /></Object><Object file="Type_Cylinder_Tag_Square_Colour_Dark-blue_Size_Large.png" id="62e37117-0e2f-4347-9698-254f1e4d293f" target="False"><Attribute name="COLOUR" value="DARK-BLUE" /><Attribute name="SIZE" value="LARGE" /><Attribute name="TAG" value="SQUARE" /><Attribute name="TYPE" value="CYLINDER" /><Attribute name="XPOS" value="1" /><Attribute name="YPOS" value="1" /></Object><Object file="Type_Sphere_Tag_Circle_Colour_Dark-green_Size_Medium.png" id="c7e339f9-4513-4bc3-8b1c-bffa3b25f25d" target="True"><Attribute name="COLOUR" value="DARK-GREEN" /><Attribute name="SIZE" value="MEDIUM" /><Attribute name="TAG" value="CIRCLE" /><Attribute name="TYPE" value="SPHERE" /><Attribute name="XPOS" value="1" /><Attribute name="YPOS" value="0" /></Object><Object file="Type_Sphere_Tag_Circle_Colour_Dark-green_Size_Medium.png" id="888a37ec-2830-4401-8f02-0b081ae0029e" target="False"><Attribute name="COLOUR" value="DARK-GREEN" /><Attribute name="SIZE" value="MEDIUM" /><Attribute name="TAG" value="CIRCLE" /><Attribute name="TYPE" value="SPHERE" /><Attribute name="XPOS" value="2" /><Attribute name="YPOS" value="1" /></Object></Objects><Attribute_assessment><Assessed_attribute name="COLOUR" value="DARK-GREEN" /><Assessed_attribute name="SIZE" value="MEDIUM" /><Assessed_attribute name="TAG" value="CIRCLE" /><Assessed_attribute name="TYPE1" value="SPHERE" /><Assessed_attribute name="TYPE2" value="BALL" /><Assessed_attribute name="XPOS" value="THE FIRST FROM RIGHT" /><Assessed_attribute name="YPOS" value="ON THE LOWER SHELVE" /></Attribute_assessment><Production_RE><RE_Attribute id="1" name="TYPE1" value="SPHERE" /></Production_RE></Session>