<Session><Session_id>19</Session_id><Participant_id>2f019cde-5ca2-4c39-998d-3715d45c2335</Participant_id><Set_size>9</Set_size><session_configuration>random</session_configuration><Objects><Object file="Type_Cube_Tag_Square_Colour_Light-red_Size_Small.png" id="c50d52e8-419a-431e-be97-3aa83ec0b064" target="False"><Attribute name="COLOUR" value="LIGHT-RED" /><Attribute name="SIZE" value="SMALL" /><Attribute name="TAG" value="SQUARE" /><Attribute name="TYPE" value="CUBE" /><Attribute name="XPOS" value="0" /><Attribute name="YPOS" value="0" /></Object><Object file="Type_Cylinder_Tag_Circle_Colour_Red_Size_Small.png" id="1289643a-96df-4d98-8432-e162b3458714" target="True"><Attribute name="COLOUR" value="RED" /><Attribute name="SIZE" value="SMALL" /><Attribute name="TAG" value="CIRCLE" /><Attribute name="TYPE" value="CYLINDER" /><Attribute name="XPOS" value="1" /><Attribute name="YPOS" value="0" /></Object><Object file="Type_Cone_Tag_Square_Colour_Brown_Size_Medium.png" id="823c40ab-2f68-492b-8cb3-8617aa44e28b" target="False"><Attribute name="COLOUR" value="BROWN" /><Attribute name="SIZE" value="MEDIUM" /><Attribute name="TAG" value="SQUARE" /><Attribute name="TYPE" value="CONE" /><Attribute name="XPOS" value="2" /><Attribute name="YPOS" value="0" /></Object><Object file="Type_Cylinder_Tag_Circle_Colour_Light-green_Size_Medium.png" id="b0d32d81-a8f6-404b-a7ab-83e703b1ede4" target="False"><Attribute name="COLOUR" value="LIGHT-GREEN" /><Attribute name="SIZE" value="MEDIUM" /><Attribute name="TAG" value="CIRCLE" /><Attribute name="TYPE" value="CYLINDER" /><Attribute name="XPOS" value="3" /><Attribute name="YPOS" value="0" /></Object><Object file="Type_Torus_Tag_Square_Colour_Red_Size_Small.png" id="b036f547-6a3b-4250-9aaf-4321b8c20ccf" target="False"><Attribute name="COLOUR" value="RED" /><Attribute name="SIZE" value="SMALL" /><Attribute name="TAG" value="SQUARE" /><Attribute name="TYPE" value="TORUS" /><Attribute name="XPOS" value="0" /><Attribute name="YPOS" value="1" /></Object><Object file="Type_Cylinder_Tag_Square_Colour_Grey_Size_Small.png" id="676b1b5a-cd12-4fcf-bec5-5966cb90abd1" target="False"><Attribute name="COLOUR" value="GREY" /><Attribute name="SIZE" value="SMALL" /><Attribute name="TAG" value="SQUARE" /><Attribute name="TYPE" value="CYLINDER" /><Attribute name="XPOS" value="1" /><Attribute name="YPOS" value="1" /></Object><Object file="Type_Cone_Tag_Circle_Colour_Dark-red_Size_Large.png" id="d8fdbd3f-ccff-4e97-a58e-ba26c841c45a" target="False"><Attribute name="COLOUR" value="DARK-RED" /><Attribute name="SIZE" value="LARGE" /><Attribute name="TAG" value="CIRCLE" /><Attribute name="TYPE" value="CONE" /><Attribute name="XPOS" value="2" /><Attribute name="YPOS" value="1" /></Object><Object file="Type_Torus_Tag_Circle_Colour_Light-blue_Size_Small.png" id="59875ca4-0a2c-40b8-9afe-43dda407d55b" target="False"><Attribute name="COLOUR" value="LIGHT-BLUE" /><Attribute name="SIZE" value="SMALL" /><Attribute name="TAG" value="CIRCLE" /><Attribute name="TYPE" value="TORUS" /><Attribute name="XPOS" value="3" /><Attribute name="YPOS" value="1" /></Object><Object file="Type_Cube_Tag_Square_Colour_Red_Size_Medium.png" id="c7a2f6bd-bb42-4ceb-9c61-64b04e8e6f83" target="False"><Attribute name="COLOUR" value="RED" /><Attribute name="SIZE" value="MEDIUM" /><Attribute name="TAG" value="SQUARE" /><Attribute name="TYPE" value="CUBE" /><Attribute name="XPOS" value="4" /><Attribute name="YPOS" value="1" /></Object></Objects><Attribute_assessment><Assessed_attribute name="COLOUR" value="RED" /><Assessed_attribute name="SIZE" value="SMALL" /><Assessed_attribute name="TAG" value="CIRCLE" /><Assessed_attribute name="TYPE1" value="CYLINDER" /><Assessed_attribute name="TYPE2" value="PILLAR" /><Assessed_attribute name="XPOS" value="THE SECOND FROM LEFT" /><Assessed_attribute name="YPOS" value="ON THE LOWER SHELVE" /></Attribute_assessment><Production_RE><RE_Attribute id="1" name="XPOS" value="THE SECOND FROM LEFT" /></Production_RE></Session>