<Session><Session_id>13</Session_id><Participant_id>2f019cde-5ca2-4c39-998d-3715d45c2335</Participant_id><Set_size>3</Set_size><session_configuration>random</session_configuration><Objects><Object file="Type_Cylinder_Tag_Circle_Colour_Light-red_Size_Large.png" id="24cf7c2d-2065-47a1-8f91-50eb13e1f426" target="False"><Attribute name="COLOUR" value="LIGHT-RED" /><Attribute name="SIZE" value="LARGE" /><Attribute name="TAG" value="CIRCLE" /><Attribute name="TYPE" value="CYLINDER" /><Attribute name="XPOS" value="0" /><Attribute name="YPOS" value="0" /></Object><Object file="Type_Sphere_Tag_Circle_Colour_Light-red_Size_Large.png" id="3f0a931b-7820-4819-b14f-e206198e90ed" target="False"><Attribute name="COLOUR" value="LIGHT-RED" /><Attribute name="SIZE" value="LARGE" /><Attribute name="TAG" value="CIRCLE" /><Attribute name="TYPE" value="SPHERE" /><Attribute name="XPOS" value="1" /><Attribute name="YPOS" value="0" /></Object><Object file="Type_Cylinder_Tag_Square_Colour_Light-blue_Size_Large.png" id="38e68d46-2dd5-48df-af0e-03b8df404001" target="True"><Attribute name="COLOUR" value="LIGHT-BLUE" /><Attribute name="SIZE" value="LARGE" /><Attribute name="TAG" value="SQUARE" /><Attribute name="TYPE" value="CYLINDER" /><Attribute name="XPOS" value="0" /><Attribute name="YPOS" value="1" /></Object></Objects><Attribute_assessment><Assessed_attribute name="COLOUR1" value="LIGHT-BLUE" /><Assessed_attribute name="COLOUR2" value="BLUE" /><Assessed_attribute name="TAG" value="SQUARE" /><Assessed_attribute name="TYPE1" value="CYLINDER" /><Assessed_attribute name="TYPE2" value="PILLAR" /><Assessed_attribute name="XPOS" value="THE FIRST FROM LEFT" /><Assessed_attribute name="YPOS" value="ON THE UPPER SHELVE" /></Attribute_assessment><Production_RE><RE_Attribute id="1" name="COLOUR2" value="BLUE" /></Production_RE></Session>