<Priors><Attributes><set name="COLOUR"><attribute name="BLACK">50</attribute><attribute name="BLUE">50</attribute><attribute name="BROWN">50</attribute><attribute name="DARK-BLUE">50</attribute><attribute name="DARK-GREEN">50</attribute><attribute name="DARK-RED">50</attribute><attribute name="GREEN">50</attribute><attribute name="GREY">69</attribute><attribute name="LIGHT-BLUE">79</attribute><attribute name="LIGHT-GREEN">50</attribute><attribute name="LIGHT-RED">50</attribute><attribute name="RED">50</attribute></set><set name="NAMETAG"><attribute name="CIRCLE">50</attribute><attribute name="SQUARE">50</attribute></set><set name="SIZE"><attribute name="0.25">50</attribute><attribute name="0.5">50</attribute><attribute name="0.75">81</attribute><attribute name="1">50</attribute></set><set name="TYPE"><attribute name="CONE">50</attribute><attribute name="CUBE">50</attribute><attribute name="CYLINDER">50</attribute><attribute name="SPHERE">50</attribute><attribute name="TORUS">50</attribute></set><set name="COLOURMAP"><attribute name="0">50</attribute><attribute name="1">50</attribute><attribute name="2">50</attribute><attribute name="3">50</attribute><attribute name="4">50</attribute><attribute name="5">82</attribute><attribute name="6">80</attribute></set></Attributes><Participant_id>5a2f0b6f4b60fe00019b1e12</Participant_id></Priors>