<Session><Session_id>15</Session_id><Participant_id>5a2f0b6f4b60fe00019b1e12</Participant_id><Set_size>9</Set_size><session_configuration>random</session_configuration><Objects><Object file="Type_Sphere_Tag_Circle_Colour_Black_Size_Medium.png" id="7846ceef-1fa0-4ec0-953f-cf0e105377cc" target="True"><Attribute name="COLOUR" value="BLACK" /><Attribute name="SIZE" value="MEDIUM" /><Attribute name="TAG" value="CIRCLE" /><Attribute name="TYPE" value="SPHERE" /><Attribute name="XPOS" value="0" /><Attribute name="YPOS" value="0" /></Object><Object file="Type_Cylinder_Tag_Square_Colour_Light-green_Size_Medium.png" id="e15f8cbd-e947-4114-a764-b6b2a26ba172" target="False"><Attribute name="COLOUR" value="LIGHT-GREEN" /><Attribute name="SIZE" value="MEDIUM" /><Attribute name="TAG" value="SQUARE" /><Attribute name="TYPE" value="CYLINDER" /><Attribute name="XPOS" value="1" /><Attribute name="YPOS" value="0" /></Object><Object file="Type_Cone_Tag_Circle_Colour_Red_Size_Small.png" id="f3cef82c-911c-487d-97d4-ec0e95672ef2" target="False"><Attribute name="COLOUR" value="RED" /><Attribute name="SIZE" value="SMALL" /><Attribute name="TAG" value="CIRCLE" /><Attribute name="TYPE" value="CONE" /><Attribute name="XPOS" value="2" /><Attribute name="YPOS" value="0" /></Object><Object file="Type_Cube_Tag_Square_Colour_Dark-red_Size_Large.png" id="08368537-6eae-455d-9acd-92e806855cb4" target="False"><Attribute name="COLOUR" value="DARK-RED" /><Attribute name="SIZE" value="LARGE" /><Attribute name="TAG" value="SQUARE" /><Attribute name="TYPE" value="CUBE" /><Attribute name="XPOS" value="3" /><Attribute name="YPOS" value="0" /></Object><Object file="Type_Cube_Tag_Square_Colour_Light-blue_Size_Medium.png" id="d12a6c37-778b-4d6a-a68d-3a381f7bbe94" target="False"><Attribute name="COLOUR" value="LIGHT-BLUE" /><Attribute name="SIZE" value="MEDIUM" /><Attribute name="TAG" value="SQUARE" /><Attribute name="TYPE" value="CUBE" /><Attribute name="XPOS" value="0" /><Attribute name="YPOS" value="1" /></Object><Object file="Type_Torus_Tag_Circle_Colour_Red_Size_Large.png" id="8f2f05f8-7fa8-4cc0-a4cc-37b79b4222b7" target="False"><Attribute name="COLOUR" value="RED" /><Attribute name="SIZE" value="LARGE" /><Attribute name="TAG" value="CIRCLE" /><Attribute name="TYPE" value="TORUS" /><Attribute name="XPOS" value="1" /><Attribute name="YPOS" value="1" /></Object><Object file="Type_Cone_Tag_Circle_Colour_Light-green_Size_Medium.png" id="048021c2-3b8f-450c-909f-b1f9fe31fd73" target="False"><Attribute name="COLOUR" value="LIGHT-GREEN" /><Attribute name="SIZE" value="MEDIUM" /><Attribute name="TAG" value="CIRCLE" /><Attribute name="TYPE" value="CONE" /><Attribute name="XPOS" value="2" /><Attribute name="YPOS" value="1" /></Object><Object file="Type_Cylinder_Tag_Square_Colour_Blue_Size_Small.png" id="df94c1e9-7e54-45e5-8de9-045c39be5a55" target="False"><Attribute name="COLOUR" value="BLUE" /><Attribute name="SIZE" value="SMALL" /><Attribute name="TAG" value="SQUARE" /><Attribute name="TYPE" value="CYLINDER" /><Attribute name="XPOS" value="3" /><Attribute name="YPOS" value="1" /></Object><Object file="Type_Cube_Tag_Circle_Colour_Black_Size_Medium.png" id="884724cd-6d18-4ad2-931b-3896320643d6" target="False"><Attribute name="COLOUR" value="BLACK" /><Attribute name="SIZE" value="MEDIUM" /><Attribute name="TAG" value="CIRCLE" /><Attribute name="TYPE" value="CUBE" /><Attribute name="XPOS" value="4" /><Attribute name="YPOS" value="1" /></Object></Objects><Attribute_assessment><Assessed_attribute name="COLOUR" value="BLACK" /><Assessed_attribute name="SIZE" value="MEDIUM" /><Assessed_attribute name="TAG" value="CIRCLE" /><Assessed_attribute name="TYPE1" value="SPHERE" /><Assessed_attribute name="TYPE2" value="BALL" /><Assessed_attribute name="XPOS" value="THE FIRST FROM LEFT" /><Assessed_attribute name="YPOS" value="ON THE LOWER SHELVE" /></Attribute_assessment><Production_RE><RE_Attribute id="1" name="TYPE1" value="SPHERE" /><RE_Attribute id="2" name="COLOUR" value="BLACK" /></Production_RE></Session>