<Priors><Attributes><set name="COLOUR"><attribute name="BLACK">27</attribute><attribute name="BLUE">74</attribute><attribute name="BROWN">20</attribute><attribute name="DARK-BLUE">21</attribute><attribute name="DARK-GREEN">27</attribute><attribute name="DARK-RED">38</attribute><attribute name="GREEN">77</attribute><attribute name="GREY">39</attribute><attribute name="LIGHT-BLUE">95</attribute><attribute name="LIGHT-GREEN">93</attribute><attribute name="LIGHT-RED">90</attribute><attribute name="RED">83</attribute></set><set name="NAMETAG"><attribute name="CIRCLE">83</attribute><attribute name="SQUARE">50</attribute></set><set name="SIZE"><attribute name="0.25">4</attribute><attribute name="0.5">38</attribute><attribute name="0.75">50</attribute><attribute name="1">84</attribute></set><set name="TYPE"><attribute name="CONE">89</attribute><attribute name="CUBE">12</attribute><attribute name="CYLINDER">50</attribute><attribute name="SPHERE">66</attribute><attribute name="TORUS">29</attribute></set><set name="COLOURMAP"><attribute name="0">31</attribute><attribute name="1">50</attribute><attribute name="2">77</attribute><attribute name="3">84</attribute><attribute name="4">83</attribute><attribute name="5">84</attribute><attribute name="6">95</attribute></set></Attributes><Participant_id>5a384471e7bc8000010a8df2</Participant_id></Priors>