<Session><Session_id>24</Session_id><Participant_id>5a384471e7bc8000010a8df2</Participant_id><Set_size>7</Set_size><session_configuration>random</session_configuration><Objects><Object file="Type_Cone_Tag_Circle_Colour_Blue_Size_Medium.png" id="edc73801-829f-4b4d-95b5-9ba419fbd137" target="False"><Attribute name="COLOUR" value="BLUE" /><Attribute name="SIZE" value="MEDIUM" /><Attribute name="TAG" value="CIRCLE" /><Attribute name="TYPE" value="CONE" /><Attribute name="XPOS" value="0" /><Attribute name="YPOS" value="0" /></Object><Object file="Type_Sphere_Tag_Circle_Colour_Dark-blue_Size_Large.png" id="7363f20a-9e10-442a-be89-dd624ca70461" target="False"><Attribute name="COLOUR" value="DARK-BLUE" /><Attribute name="SIZE" value="LARGE" /><Attribute name="TAG" value="CIRCLE" /><Attribute name="TYPE" value="SPHERE" /><Attribute name="XPOS" value="1" /><Attribute name="YPOS" value="0" /></Object><Object file="Type_Cube_Tag_Circle_Colour_Red_Size_Medium.png" id="9405d301-bde5-4d5e-9335-a94551812a11" target="False"><Attribute name="COLOUR" value="RED" /><Attribute name="SIZE" value="MEDIUM" /><Attribute name="TAG" value="CIRCLE" /><Attribute name="TYPE" value="CUBE" /><Attribute name="XPOS" value="2" /><Attribute name="YPOS" value="0" /></Object><Object file="Type_Cube_Tag_Square_Colour_Dark-red_Size_Medium.png" id="aa365993-b349-4b5c-b8ec-e78cb9fc19fd" target="False"><Attribute name="COLOUR" value="DARK-RED" /><Attribute name="SIZE" value="MEDIUM" /><Attribute name="TAG" value="SQUARE" /><Attribute name="TYPE" value="CUBE" /><Attribute name="XPOS" value="3" /><Attribute name="YPOS" value="0" /></Object><Object file="Type_Torus_Tag_Circle_Colour_Brown_Size_Medium.png" id="7bd901ce-9929-46a3-bb0f-2be72ed1ea61" target="False"><Attribute name="COLOUR" value="BROWN" /><Attribute name="SIZE" value="MEDIUM" /><Attribute name="TAG" value="CIRCLE" /><Attribute name="TYPE" value="TORUS" /><Attribute name="XPOS" value="0" /><Attribute name="YPOS" value="1" /></Object><Object file="Type_Torus_Tag_Circle_Colour_Grey_Size_Large.png" id="c4946d78-7df7-4037-9013-a5393ba5c941" target="False"><Attribute name="COLOUR" value="GREY" /><Attribute name="SIZE" value="LARGE" /><Attribute name="TAG" value="CIRCLE" /><Attribute name="TYPE" value="TORUS" /><Attribute name="XPOS" value="1" /><Attribute name="YPOS" value="1" /></Object><Object file="Type_Cone_Tag_Circle_Colour_Dark-blue_Size_Medium.png" id="6d928091-1b64-46cb-87ce-ae94124002bf" target="True"><Attribute name="COLOUR" value="DARK-BLUE" /><Attribute name="SIZE" value="MEDIUM" /><Attribute name="TAG" value="CIRCLE" /><Attribute name="TYPE" value="CONE" /><Attribute name="XPOS" value="2" /><Attribute name="YPOS" value="1" /></Object></Objects><Attribute_assessment><Assessed_attribute name="COLOUR" value="DARK-BLUE" /><Assessed_attribute name="SIZE" value="SMALL" /><Assessed_attribute name="TAG" value="CIRCLE" /><Assessed_attribute name="TYPE1" value="CONE" /><Assessed_attribute name="TYPE2" value="HAT" /><Assessed_attribute name="TYPE3" value="CAP" /><Assessed_attribute name="XPOS" value="THE FIRST FROM RIGHT" /><Assessed_attribute name="YPOS" value="ON THE UPPER SHELVE" /></Attribute_assessment><Production_RE><RE_Attribute id="1" name="TYPE1" value="CONE" /><RE_Attribute id="2" name="COLOUR" value="DARK-BLUE" /></Production_RE></Session>