<Priors><Attributes><set name="COLOUR"><attribute name="BLACK">13</attribute><attribute name="BLUE">36</attribute><attribute name="BROWN">21</attribute><attribute name="DARK-BLUE">26</attribute><attribute name="DARK-GREEN">28</attribute><attribute name="DARK-RED">41</attribute><attribute name="GREEN">73</attribute><attribute name="GREY">31</attribute><attribute name="LIGHT-BLUE">73</attribute><attribute name="LIGHT-GREEN">86</attribute><attribute name="LIGHT-RED">31</attribute><attribute name="RED">61</attribute></set><set name="NAMETAG"><attribute name="CIRCLE">33</attribute><attribute name="SQUARE">55</attribute></set><set name="SIZE"><attribute name="0.25">27</attribute><attribute name="0.5">37</attribute><attribute name="0.75">50</attribute><attribute name="1">64</attribute></set><set name="TYPE"><attribute name="CONE">61</attribute><attribute name="CUBE">5</attribute><attribute name="CYLINDER">20</attribute><attribute name="SPHERE">37</attribute><attribute name="TORUS">60</attribute></set><set name="COLOURMAP"><attribute name="0">50</attribute><attribute name="1">12</attribute><attribute name="2">24</attribute><attribute name="3">27</attribute><attribute name="4">51</attribute><attribute name="5">54</attribute><attribute name="6">75</attribute></set></Attributes><Participant_id>5a993b151eda410001365a23</Participant_id></Priors>