<Session><Session_id>11</Session_id><Participant_id>5a9a9edb6219a30001d346c1</Participant_id><Set_size>7</Set_size><session_configuration>random</session_configuration><Objects><Object file="Type_Torus_Tag_Square_Colour_Blue_Size_Large.png" id="a741a6b6-c4d7-4f88-884d-e085a08ecfad" target="False"><Attribute name="COLOUR" value="BLUE" /><Attribute name="SIZE" value="LARGE" /><Attribute name="TAG" value="SQUARE" /><Attribute name="TYPE" value="TORUS" /><Attribute name="XPOS" value="0" /><Attribute name="YPOS" value="0" /></Object><Object file="Type_Sphere_Tag_Square_Colour_Red_Size_Medium.png" id="45044850-c905-4ffa-9e73-a9d7d5a00490" target="False"><Attribute name="COLOUR" value="RED" /><Attribute name="SIZE" value="MEDIUM" /><Attribute name="TAG" value="SQUARE" /><Attribute name="TYPE" value="SPHERE" /><Attribute name="XPOS" value="1" /><Attribute name="YPOS" value="0" /></Object><Object file="Type_Torus_Tag_Square_Colour_Grey_Size_Medium.png" id="913d443d-8a90-4c28-a5a4-b8c55c7414a7" target="False"><Attribute name="COLOUR" value="GREY" /><Attribute name="SIZE" value="MEDIUM" /><Attribute name="TAG" value="SQUARE" /><Attribute name="TYPE" value="TORUS" /><Attribute name="XPOS" value="2" /><Attribute name="YPOS" value="0" /></Object><Object file="Type_Torus_Tag_Square_Colour_Light-blue_Size_Large.png" id="c529228e-beb1-4d36-ab3b-95f18775c6df" target="False"><Attribute name="COLOUR" value="LIGHT-BLUE" /><Attribute name="SIZE" value="LARGE" /><Attribute name="TAG" value="SQUARE" /><Attribute name="TYPE" value="TORUS" /><Attribute name="XPOS" value="3" /><Attribute name="YPOS" value="0" /></Object><Object file="Type_Cube_Tag_Circle_Colour_Grey_Size_Medium.png" id="354e89a6-295f-4866-b315-ec2bdff2847a" target="False"><Attribute name="COLOUR" value="GREY" /><Attribute name="SIZE" value="MEDIUM" /><Attribute name="TAG" value="CIRCLE" /><Attribute name="TYPE" value="CUBE" /><Attribute name="XPOS" value="0" /><Attribute name="YPOS" value="1" /></Object><Object file="Type_Cube_Tag_Square_Colour_Dark-blue_Size_Large.png" id="c40bcad4-cc55-4fc0-b484-9b591db7f489" target="False"><Attribute name="COLOUR" value="DARK-BLUE" /><Attribute name="SIZE" value="LARGE" /><Attribute name="TAG" value="SQUARE" /><Attribute name="TYPE" value="CUBE" /><Attribute name="XPOS" value="1" /><Attribute name="YPOS" value="1" /></Object><Object file="Type_Torus_Tag_Circle_Colour_Dark-red_Size_Small.png" id="a7a12ed7-5358-4966-ac00-2751a682c4c1" target="True"><Attribute name="COLOUR" value="DARK-RED" /><Attribute name="SIZE" value="SMALL" /><Attribute name="TAG" value="CIRCLE" /><Attribute name="TYPE" value="TORUS" /><Attribute name="XPOS" value="2" /><Attribute name="YPOS" value="1" /></Object></Objects><Attribute_assessment><Assessed_attribute name="COLOUR" value="DARK-RED" /><Assessed_attribute name="SIZE" value="SMALL" /><Assessed_attribute name="TAG" value="CIRCLE" /><Assessed_attribute name="TYPE1" value="DONUT" /><Assessed_attribute name="TYPE2" value="RING" /><Assessed_attribute name="TYPE3" value="TORUS" /><Assessed_attribute name="XPOS" value="THE FIRST FROM RIGHT" /><Assessed_attribute name="YPOS" value="ON THE UPPER SHELVE" /></Attribute_assessment><Production_RE><RE_Attribute id="1" name="COLOUR" value="DARK-RED" /></Production_RE></Session>