<Session><Session_id>14</Session_id><Participant_id>5a9a9edb6219a30001d346c1</Participant_id><Set_size>7</Set_size><session_configuration>random</session_configuration><Objects><Object file="Type_Cube_Tag_Circle_Colour_Light-red_Size_Small.png" id="49082d75-342b-44ac-91e4-e7d5718ca766" target="False"><Attribute name="COLOUR" value="LIGHT-RED" /><Attribute name="SIZE" value="SMALL" /><Attribute name="TAG" value="CIRCLE" /><Attribute name="TYPE" value="CUBE" /><Attribute name="XPOS" value="0" /><Attribute name="YPOS" value="0" /></Object><Object file="Type_Torus_Tag_Circle_Colour_Green_Size_Medium.png" id="8fe73cc7-0a30-4c71-a3e2-cdc185122d93" target="False"><Attribute name="COLOUR" value="GREEN" /><Attribute name="SIZE" value="MEDIUM" /><Attribute name="TAG" value="CIRCLE" /><Attribute name="TYPE" value="TORUS" /><Attribute name="XPOS" value="1" /><Attribute name="YPOS" value="0" /></Object><Object file="Type_Cube_Tag_Square_Colour_Grey_Size_Small.png" id="4e2ebb55-8d03-48ca-bf6d-6142a6f2b79f" target="False"><Attribute name="COLOUR" value="GREY" /><Attribute name="SIZE" value="SMALL" /><Attribute name="TAG" value="SQUARE" /><Attribute name="TYPE" value="CUBE" /><Attribute name="XPOS" value="2" /><Attribute name="YPOS" value="0" /></Object><Object file="Type_Sphere_Tag_Circle_Colour_Grey_Size_Large.png" id="155b4895-b7e2-4f82-9882-05858608b5a1" target="False"><Attribute name="COLOUR" value="GREY" /><Attribute name="SIZE" value="LARGE" /><Attribute name="TAG" value="CIRCLE" /><Attribute name="TYPE" value="SPHERE" /><Attribute name="XPOS" value="3" /><Attribute name="YPOS" value="0" /></Object><Object file="Type_Torus_Tag_Circle_Colour_Grey_Size_Small.png" id="b0f6fac1-65ee-4451-8253-f774d599a5e3" target="False"><Attribute name="COLOUR" value="GREY" /><Attribute name="SIZE" value="SMALL" /><Attribute name="TAG" value="CIRCLE" /><Attribute name="TYPE" value="TORUS" /><Attribute name="XPOS" value="0" /><Attribute name="YPOS" value="1" /></Object><Object file="Type_Sphere_Tag_Square_Colour_Dark-green_Size_Small.png" id="5e3a4dc6-686a-4d69-a4b4-f1344e49c95e" target="True"><Attribute name="COLOUR" value="DARK-GREEN" /><Attribute name="SIZE" value="SMALL" /><Attribute name="TAG" value="SQUARE" /><Attribute name="TYPE" value="SPHERE" /><Attribute name="XPOS" value="1" /><Attribute name="YPOS" value="1" /></Object><Object file="Type_Torus_Tag_Square_Colour_Dark-red_Size_Large.png" id="12c884fc-8773-46dd-971b-3bafc388a34d" target="False"><Attribute name="COLOUR" value="DARK-RED" /><Attribute name="SIZE" value="LARGE" /><Attribute name="TAG" value="SQUARE" /><Attribute name="TYPE" value="TORUS" /><Attribute name="XPOS" value="2" /><Attribute name="YPOS" value="1" /></Object></Objects><Attribute_assessment><Assessed_attribute name="COLOUR" value="DARK-GREEN" /><Assessed_attribute name="SIZE" value="SMALL" /><Assessed_attribute name="TAG" value="SQUARE" /><Assessed_attribute name="TYPE1" value="SPHERE" /><Assessed_attribute name="TYPE2" value="BALL" /><Assessed_attribute name="XPOS" value="THE SECOND FROM LEFT" /><Assessed_attribute name="YPOS" value="ON THE UPPER SHELVE" /></Attribute_assessment><Production_RE><RE_Attribute id="1" name="COLOUR" value="DARK-GREEN" /></Production_RE></Session>