<Priors><Attributes><set name="COLOUR"><attribute name="BLACK">82</attribute><attribute name="BLUE">74</attribute><attribute name="BROWN">7</attribute><attribute name="DARK-BLUE">79</attribute><attribute name="DARK-GREEN">33</attribute><attribute name="DARK-RED">76</attribute><attribute name="GREEN">32</attribute><attribute name="GREY">36</attribute><attribute name="LIGHT-BLUE">29</attribute><attribute name="LIGHT-GREEN">27</attribute><attribute name="LIGHT-RED">40</attribute><attribute name="RED">73</attribute></set><set name="NAMETAG"><attribute name="CIRCLE">50</attribute><attribute name="SQUARE">81</attribute></set><set name="SIZE"><attribute name="0.25">50</attribute><attribute name="0.5">69</attribute><attribute name="0.75">68</attribute><attribute name="1">95</attribute></set><set name="TYPE"><attribute name="CONE">29</attribute><attribute name="CUBE">73</attribute><attribute name="CYLINDER">78</attribute><attribute name="SPHERE">41</attribute><attribute name="TORUS">7</attribute></set><set name="COLOURMAP"><attribute name="0">50</attribute><attribute name="1">92</attribute><attribute name="2">84</attribute><attribute name="3">75</attribute><attribute name="4">67</attribute><attribute name="5">39</attribute><attribute name="6">28</attribute></set></Attributes><Participant_id>5a9a9edb6219a30001d346c1</Participant_id></Priors>