<Priors><Attributes><set name="COLOUR"><attribute name="BLACK">0</attribute><attribute name="BLUE">86</attribute><attribute name="BROWN">45</attribute><attribute name="DARK-BLUE">28</attribute><attribute name="DARK-GREEN">16</attribute><attribute name="DARK-RED">33</attribute><attribute name="GREEN">73</attribute><attribute name="GREY">7</attribute><attribute name="LIGHT-BLUE">64</attribute><attribute name="LIGHT-GREEN">52</attribute><attribute name="LIGHT-RED">43</attribute><attribute name="RED">78</attribute></set><set name="NAMETAG"><attribute name="CIRCLE">57</attribute><attribute name="SQUARE">71</attribute></set><set name="SIZE"><attribute name="0.25">32</attribute><attribute name="0.5">50</attribute><attribute name="0.75">72</attribute><attribute name="1">100</attribute></set><set name="TYPE"><attribute name="CONE">50</attribute><attribute name="CUBE">82</attribute><attribute name="CYLINDER">69</attribute><attribute name="SPHERE">34</attribute><attribute name="TORUS">64</attribute></set><set name="COLOURMAP"><attribute name="0">15</attribute><attribute name="1">29</attribute><attribute name="2">35</attribute><attribute name="3">50</attribute><attribute name="4">60</attribute><attribute name="5">75</attribute><attribute name="6">100</attribute></set></Attributes><Participant_id>5aa014ea1eda410001369da1</Participant_id></Priors>