<Session><Session_id>3</Session_id><Participant_id>5ad3ca7b459c350001137f64</Participant_id><Set_size>7</Set_size><session_configuration>fixed</session_configuration><Objects><Object file="Type_Cylinder_Tag_Circle_Colour_Dark-red_Size_Small.png" id="7323cdd7-7cfb-42b6-8490-a162e3b2fade" target="False"><Attribute name="COLOUR" value="DARK-RED" /><Attribute name="SIZE" value="SMALL" /><Attribute name="TAG" value="CIRCLE" /><Attribute name="TYPE" value="CYLINDER" /><Attribute name="XPOS" value="0" /><Attribute name="YPOS" value="0" /></Object><Object file="Type_Cube_Tag_Square_Colour_Light-blue_Size_Large.png" id="828df3e1-7009-453f-9c08-53606137e805" target="False"><Attribute name="COLOUR" value="LIGHT-BLUE" /><Attribute name="SIZE" value="LARGE" /><Attribute name="TAG" value="SQUARE" /><Attribute name="TYPE" value="CUBE" /><Attribute name="XPOS" value="0" /><Attribute name="YPOS" value="1" /></Object><Object file="Type_Cylinder_Tag_Circle_Colour_Dark-red_Size_Large.png" id="65a4618d-9af6-4ee9-85a9-a0ca7db084f6" target="False"><Attribute name="COLOUR" value="DARK-RED" /><Attribute name="SIZE" value="LARGE" /><Attribute name="TAG" value="CIRCLE" /><Attribute name="TYPE" value="CYLINDER" /><Attribute name="XPOS" value="1" /><Attribute name="YPOS" value="1" /></Object><Object file="Type_Cube_Tag_Square_Colour_Dark-blue_Size_Small.png" id="0bf5a89f-e1a8-4ca1-ad6c-40e2a8fab49f" target="False"><Attribute name="COLOUR" value="DARK-BLUE" /><Attribute name="SIZE" value="SMALL" /><Attribute name="TAG" value="SQUARE" /><Attribute name="TYPE" value="CUBE" /><Attribute name="XPOS" value="1" /><Attribute name="YPOS" value="0" /></Object><Object file="Type_Cylinder_Tag_Circle_Colour_Dark-green_Size_Small.png" id="5eeabb27-af70-4771-8a12-4bc4736aa802" target="False"><Attribute name="COLOUR" value="DARK-GREEN" /><Attribute name="SIZE" value="SMALL" /><Attribute name="TAG" value="CIRCLE" /><Attribute name="TYPE" value="CYLINDER" /><Attribute name="XPOS" value="2" /><Attribute name="YPOS" value="1" /></Object><Object file="Type_Cylinder_Tag_Square_Colour_Dark-red_Size_Small.png" id="4e09536a-9b15-498c-b1f0-bad950758d98" target="True"><Attribute name="COLOUR" value="DARK-RED" /><Attribute name="SIZE" value="SMALL" /><Attribute name="TAG" value="SQUARE" /><Attribute name="TYPE" value="CYLINDER" /><Attribute name="XPOS" value="2" /><Attribute name="YPOS" value="0" /></Object><Object file="Type_Cylinder_Tag_Square_Colour_Dark-green_Size_Medium.png" id="c026595e-a54a-4264-b7f2-aa256abf15db" target="False"><Attribute name="COLOUR" value="DARK-GREEN" /><Attribute name="SIZE" value="MEDIUM" /><Attribute name="TAG" value="SQUARE" /><Attribute name="TYPE" value="CYLINDER" /><Attribute name="XPOS" value="3" /><Attribute name="YPOS" value="1" /></Object></Objects><Attribute_assessment><Assessed_attribute name="COLOUR" value="DARK-RED" /><Assessed_attribute name="SIZE" value="SMALL" /><Assessed_attribute name="TAG" value="SQUARE" /><Assessed_attribute name="TYPE1" value="CYLINDER" /><Assessed_attribute name="TYPE2" value="PILLAR" /><Assessed_attribute name="XPOS" value="THE FIRST FROM RIGHT" /><Assessed_attribute name="YPOS" value="ON THE LOWER SHELVE" /></Attribute_assessment><Production_RE><RE_Attribute id="1" name="TYPE1" value="CYLINDER" /><RE_Attribute id="2" name="COLOUR" value="DARK-RED" /><Spatial_Relation expression=" directly to the right of " related="0bf5a89f-e1a8-4ca1-ad6c-40e2a8fab49f"><Spatial_Attribute id="11" name="COLOUR2" value="BLUE" /><Spatial_Attribute id="12" name="TYPE2" value="CUBE" /></Spatial_Relation></Production_RE><Spatial_attribute_assessment><Assessed_spatial_attribute name="COLOUR1" value="DARK-BLUE" /><Assessed_spatial_attribute name="COLOUR2" value="BLUE" /><Assessed_spatial_attribute name="SIZE" value="SMALL" /><Assessed_spatial_attribute name="TAG" value="SQUARE" /><Assessed_spatial_attribute name="TYPE1" value="DICE" /><Assessed_spatial_attribute name="TYPE2" value="CUBE" /><Assessed_spatial_attribute name="XPOS" value="THE SECOND FROM LEFT" /><Assessed_spatial_attribute name="YPOS" value="ON THE LOWER SHELVE" /></Spatial_attribute_assessment></Session>