<Priors><Attributes><set name="COLOUR"><attribute name="BLACK">53</attribute><attribute name="BLUE">53</attribute><attribute name="BROWN">43</attribute><attribute name="DARK-BLUE">31</attribute><attribute name="DARK-GREEN">15</attribute><attribute name="DARK-RED">59</attribute><attribute name="GREEN">53</attribute><attribute name="GREY">50</attribute><attribute name="LIGHT-BLUE">72</attribute><attribute name="LIGHT-GREEN">50</attribute><attribute name="LIGHT-RED">10</attribute><attribute name="RED">59</attribute></set><set name="NAMETAG"><attribute name="CIRCLE">22</attribute><attribute name="SQUARE">26</attribute></set><set name="SIZE"><attribute name="0.25">27</attribute><attribute name="0.5">48</attribute><attribute name="0.75">50</attribute><attribute name="1">57</attribute></set><set name="TYPE"><attribute name="CONE">24</attribute><attribute name="CUBE">27</attribute><attribute name="CYLINDER">41</attribute><attribute name="SPHERE">29</attribute><attribute name="TORUS">46</attribute></set><set name="COLOURMAP"><attribute name="0">36</attribute><attribute name="1">50</attribute><attribute name="2">65</attribute><attribute name="3">55</attribute><attribute name="4">59</attribute><attribute name="5">50</attribute><attribute name="6">50</attribute></set></Attributes><Participant_id>5ad3ca7b459c350001137f64</Participant_id></Priors>