<Session><Session_id>1</Session_id><Participant_id>5ad3ca7b459c350001137f64</Participant_id><Set_size>8</Set_size><session_configuration>fixed</session_configuration><Objects><Object file="Type_Cone_Tag_Square_Colour_Blue_Size_Medium.png" id="b6d5d514-d17a-43e4-aace-8fbfdae3f027" target="False"><Attribute name="COLOUR" value="BLUE" /><Attribute name="SIZE" value="MEDIUM" /><Attribute name="TAG" value="SQUARE" /><Attribute name="TYPE" value="CONE" /><Attribute name="XPOS" value="0" /><Attribute name="YPOS" value="0" /></Object><Object file="Type_Cone_Tag_Square_Colour_Dark-red_Size_Medium.png" id="11dd3595-58ec-45c0-8c4e-a1eeac5b5648" target="False"><Attribute name="COLOUR" value="DARK-RED" /><Attribute name="SIZE" value="MEDIUM" /><Attribute name="TAG" value="SQUARE" /><Attribute name="TYPE" value="CONE" /><Attribute name="XPOS" value="0" /><Attribute name="YPOS" value="1" /></Object><Object file="Type_Cylinder_Tag_Circle_Colour_Red_Size_Large.png" id="1e36890d-9604-4596-a18b-254db4d28934" target="True"><Attribute name="COLOUR" value="RED" /><Attribute name="SIZE" value="LARGE" /><Attribute name="TAG" value="CIRCLE" /><Attribute name="TYPE" value="CYLINDER" /><Attribute name="XPOS" value="1" /><Attribute name="YPOS" value="1" /></Object><Object file="Type_Cube_Tag_Square_Colour_Light-blue_Size_Small.png" id="e3fa796c-c878-48c0-a327-396ee9faeddc" target="False"><Attribute name="COLOUR" value="LIGHT-BLUE" /><Attribute name="SIZE" value="SMALL" /><Attribute name="TAG" value="SQUARE" /><Attribute name="TYPE" value="CUBE" /><Attribute name="XPOS" value="1" /><Attribute name="YPOS" value="0" /></Object><Object file="Type_Cube_Tag_Circle_Colour_Green_Size_Medium.png" id="e2361894-8234-490b-9edf-4a1f943e4582" target="False"><Attribute name="COLOUR" value="GREEN" /><Attribute name="SIZE" value="MEDIUM" /><Attribute name="TAG" value="CIRCLE" /><Attribute name="TYPE" value="CUBE" /><Attribute name="XPOS" value="2" /><Attribute name="YPOS" value="1" /></Object><Object file="Type_Torus_Tag_Square_Colour_Light-red_Size_Medium.png" id="ab888a64-7a27-45d7-9c6c-1799cd85b6cb" target="False"><Attribute name="COLOUR" value="LIGHT-RED" /><Attribute name="SIZE" value="MEDIUM" /><Attribute name="TAG" value="SQUARE" /><Attribute name="TYPE" value="TORUS" /><Attribute name="XPOS" value="2" /><Attribute name="YPOS" value="0" /></Object><Object file="Type_Cone_Tag_Square_Colour_Dark-green_Size_Small.png" id="d0157eb6-5d3e-4f7e-85c1-8e039d3f30b7" target="False"><Attribute name="COLOUR" value="DARK-GREEN" /><Attribute name="SIZE" value="SMALL" /><Attribute name="TAG" value="SQUARE" /><Attribute name="TYPE" value="CONE" /><Attribute name="XPOS" value="3" /><Attribute name="YPOS" value="1" /></Object><Object file="Type_Sphere_Tag_Circle_Colour_Dark-blue_Size_Large.png" id="26411ecd-f274-4afb-ae68-5449ceca6665" target="False"><Attribute name="COLOUR" value="DARK-BLUE" /><Attribute name="SIZE" value="LARGE" /><Attribute name="TAG" value="CIRCLE" /><Attribute name="TYPE" value="SPHERE" /><Attribute name="XPOS" value="3" /><Attribute name="YPOS" value="0" /></Object></Objects><Attribute_assessment><Assessed_attribute name="COLOUR" value="RED" /><Assessed_attribute name="SIZE" value="LARGE" /><Assessed_attribute name="TAG" value="CIRCLE" /><Assessed_attribute name="TYPE1" value="CYLINDER" /><Assessed_attribute name="TYPE2" value="PILLAR" /><Assessed_attribute name="XPOS" value="THE SECOND FROM LEFT" /><Assessed_attribute name="YPOS" value="ON THE UPPER SHELVE" /></Attribute_assessment><Production_RE><RE_Attribute id="1" name="COLOUR" value="RED" /><RE_Attribute id="2" name="TYPE1" value="CYLINDER" /><Spatial_Relation expression=" directly to the left of " related="e2361894-8234-490b-9edf-4a1f943e4582"><Spatial_Attribute id="11" name="TYPE2" value="CUBE" /><Spatial_Attribute id="12" name="COLOUR" value="GREEN" /></Spatial_Relation></Production_RE><Spatial_attribute_assessment><Assessed_spatial_attribute name="COLOUR" value="GREEN" /><Assessed_spatial_attribute name="SIZE" value="MEDIUM" /><Assessed_spatial_attribute name="TAG" value="CIRCLE" /><Assessed_spatial_attribute name="TYPE1" value="DICE" /><Assessed_spatial_attribute name="TYPE2" value="CUBE" /><Assessed_spatial_attribute name="XPOS" value="THE THIRD FROM LEFT" /><Assessed_spatial_attribute name="YPOS" value="ON THE UPPER SHELVE" /></Spatial_attribute_assessment></Session>