<Session><Session_id>18</Session_id><Participant_id>5adb7d6d5f327e0001fb3701</Participant_id><Set_size>8</Set_size><session_configuration>random</session_configuration><Objects><Object file="Type_Cylinder_Tag_Circle_Colour_Brown_Size_Large.png" id="f9dea027-a2cc-414a-98e1-536bff5cbc5e" target="False"><Attribute name="COLOUR" value="BROWN" /><Attribute name="SIZE" value="LARGE" /><Attribute name="TAG" value="CIRCLE" /><Attribute name="TYPE" value="CYLINDER" /><Attribute name="XPOS" value="0" /><Attribute name="YPOS" value="0" /></Object><Object file="Type_Torus_Tag_Circle_Colour_Brown_Size_Small.png" id="cd9c1fbd-71cc-4e42-b5c2-e47ccf659751" target="False"><Attribute name="COLOUR" value="BROWN" /><Attribute name="SIZE" value="SMALL" /><Attribute name="TAG" value="CIRCLE" /><Attribute name="TYPE" value="TORUS" /><Attribute name="XPOS" value="1" /><Attribute name="YPOS" value="0" /></Object><Object file="Type_Cube_Tag_Circle_Colour_Light-blue_Size_Small.png" id="7e7847e8-cbc7-4253-a451-77e03722c1b6" target="False"><Attribute name="COLOUR" value="LIGHT-BLUE" /><Attribute name="SIZE" value="SMALL" /><Attribute name="TAG" value="CIRCLE" /><Attribute name="TYPE" value="CUBE" /><Attribute name="XPOS" value="2" /><Attribute name="YPOS" value="0" /></Object><Object file="Type_Sphere_Tag_Circle_Colour_Dark-green_Size_Medium.png" id="55dbe04c-3174-4404-b307-6664dc13f2c7" target="False"><Attribute name="COLOUR" value="DARK-GREEN" /><Attribute name="SIZE" value="MEDIUM" /><Attribute name="TAG" value="CIRCLE" /><Attribute name="TYPE" value="SPHERE" /><Attribute name="XPOS" value="3" /><Attribute name="YPOS" value="0" /></Object><Object file="Type_Torus_Tag_Square_Colour_Dark-green_Size_Small.png" id="03e43431-6a04-4b71-962a-f5bf1d762c7e" target="False"><Attribute name="COLOUR" value="DARK-GREEN" /><Attribute name="SIZE" value="SMALL" /><Attribute name="TAG" value="SQUARE" /><Attribute name="TYPE" value="TORUS" /><Attribute name="XPOS" value="0" /><Attribute name="YPOS" value="1" /></Object><Object file="Type_Cone_Tag_Square_Colour_Grey_Size_Medium.png" id="9bc2ef8a-f6b3-4a1d-8f7b-14e6352026f5" target="True"><Attribute name="COLOUR" value="GREY" /><Attribute name="SIZE" value="MEDIUM" /><Attribute name="TAG" value="SQUARE" /><Attribute name="TYPE" value="CONE" /><Attribute name="XPOS" value="1" /><Attribute name="YPOS" value="1" /></Object><Object file="Type_Torus_Tag_Circle_Colour_Green_Size_Large.png" id="6066cf7e-5c45-46cb-b015-8a156300a2dd" target="False"><Attribute name="COLOUR" value="GREEN" /><Attribute name="SIZE" value="LARGE" /><Attribute name="TAG" value="CIRCLE" /><Attribute name="TYPE" value="TORUS" /><Attribute name="XPOS" value="2" /><Attribute name="YPOS" value="1" /></Object><Object file="Type_Cylinder_Tag_Square_Colour_Green_Size_Medium.png" id="3be29e03-56af-4661-851f-0e0a907f9663" target="False"><Attribute name="COLOUR" value="GREEN" /><Attribute name="SIZE" value="MEDIUM" /><Attribute name="TAG" value="SQUARE" /><Attribute name="TYPE" value="CYLINDER" /><Attribute name="XPOS" value="3" /><Attribute name="YPOS" value="1" /></Object></Objects><Attribute_assessment><Assessed_attribute name="COLOUR" value="GREY" /><Assessed_attribute name="SIZE" value="MEDIUM" /><Assessed_attribute name="TAG" value="SQUARE" /><Assessed_attribute name="TYPE1" value="CONE" /><Assessed_attribute name="TYPE2" value="HAT" /><Assessed_attribute name="TYPE3" value="CAP" /><Assessed_attribute name="XPOS" value="THE SECOND FROM LEFT" /><Assessed_attribute name="YPOS" value="ON THE UPPER SHELVE" /></Attribute_assessment><Production_RE><RE_Attribute id="1" name="COLOUR" value="GREY" /><RE_Attribute id="2" name="TYPE1" value="CONE" /></Production_RE></Session>