<Priors><Attributes><set name="COLOUR"><attribute name="BLACK">90</attribute><attribute name="BLUE">90</attribute><attribute name="BROWN">72</attribute><attribute name="DARK-BLUE">77</attribute><attribute name="DARK-GREEN">84</attribute><attribute name="DARK-RED">78</attribute><attribute name="GREEN">71</attribute><attribute name="GREY">94</attribute><attribute name="LIGHT-BLUE">24</attribute><attribute name="LIGHT-GREEN">68</attribute><attribute name="LIGHT-RED">7</attribute><attribute name="RED">72</attribute></set><set name="NAMETAG"><attribute name="CIRCLE">15</attribute><attribute name="SQUARE">11</attribute></set><set name="SIZE"><attribute name="0.25">0</attribute><attribute name="0.5">23</attribute><attribute name="0.75">38</attribute><attribute name="1">49</attribute></set><set name="TYPE"><attribute name="CONE">95</attribute><attribute name="CUBE">94</attribute><attribute name="CYLINDER">92</attribute><attribute name="SPHERE">82</attribute><attribute name="TORUS">63</attribute></set><set name="COLOURMAP"><attribute name="0">0</attribute><attribute name="1">17</attribute><attribute name="2">40</attribute><attribute name="3">40</attribute><attribute name="4">71</attribute><attribute name="5">74</attribute><attribute name="6">84</attribute></set></Attributes><Participant_id>5adb7d6d5f327e0001fb3701</Participant_id></Priors>