<Session><Session_id>2</Session_id><Participant_id>5adb7d6d5f327e0001fb3701</Participant_id><Set_size>10</Set_size><session_configuration>fixed</session_configuration><Objects><Object file="Type_Cube_Tag_Square_Colour_Green_Size_Medium.png" id="85ba9d98-6214-401b-aa70-a467a3d41e47" target="False"><Attribute name="COLOUR" value="GREEN" /><Attribute name="SIZE" value="MEDIUM" /><Attribute name="TAG" value="SQUARE" /><Attribute name="TYPE" value="CUBE" /><Attribute name="XPOS" value="0" /><Attribute name="YPOS" value="0" /></Object><Object file="Type_Torus_Tag_Circle_Colour_Blue_Size_Small.png" id="34c3760a-b494-4100-9ffb-83a7611c1f22" target="False"><Attribute name="COLOUR" value="BLUE" /><Attribute name="SIZE" value="SMALL" /><Attribute name="TAG" value="CIRCLE" /><Attribute name="TYPE" value="TORUS" /><Attribute name="XPOS" value="4" /><Attribute name="YPOS" value="1" /></Object><Object file="Type_Sphere_Tag_Circle_Colour_Black_Size_Medium.png" id="ed30dbc1-2c22-4be6-93de-b047d1e7839c" target="False"><Attribute name="COLOUR" value="BLACK" /><Attribute name="SIZE" value="MEDIUM" /><Attribute name="TAG" value="CIRCLE" /><Attribute name="TYPE" value="SPHERE" /><Attribute name="XPOS" value="0" /><Attribute name="YPOS" value="1" /></Object><Object file="Type_Cylinder_Tag_Circle_Colour_Light-red_Size_Large.png" id="ec21260a-dfff-40b6-a81c-12b3f805a687" target="False"><Attribute name="COLOUR" value="LIGHT-RED" /><Attribute name="SIZE" value="LARGE" /><Attribute name="TAG" value="CIRCLE" /><Attribute name="TYPE" value="CYLINDER" /><Attribute name="XPOS" value="1" /><Attribute name="YPOS" value="1" /></Object><Object file="Type_Cube_Tag_Square_Colour_Light-blue_Size_Small.png" id="44db2d79-fb52-44e3-91dd-251ff5245869" target="False"><Attribute name="COLOUR" value="LIGHT-BLUE" /><Attribute name="SIZE" value="SMALL" /><Attribute name="TAG" value="SQUARE" /><Attribute name="TYPE" value="CUBE" /><Attribute name="XPOS" value="1" /><Attribute name="YPOS" value="0" /></Object><Object file="Type_Cube_Tag_Circle_Colour_Light-green_Size_Medium.png" id="755477ee-4f20-4ec5-a45c-4f1e1a64e7ac" target="True"><Attribute name="COLOUR" value="LIGHT-GREEN" /><Attribute name="SIZE" value="MEDIUM" /><Attribute name="TAG" value="CIRCLE" /><Attribute name="TYPE" value="CUBE" /><Attribute name="XPOS" value="2" /><Attribute name="YPOS" value="1" /></Object><Object file="Type_Cylinder_Tag_Square_Colour_Dark-red_Size_Small.png" id="4328f5e0-1a22-4c8f-bf87-3b04656958cd" target="False"><Attribute name="COLOUR" value="DARK-RED" /><Attribute name="SIZE" value="SMALL" /><Attribute name="TAG" value="SQUARE" /><Attribute name="TYPE" value="CYLINDER" /><Attribute name="XPOS" value="2" /><Attribute name="YPOS" value="0" /></Object><Object file="Type_Cube_Tag_Square_Colour_Dark-green_Size_Medium.png" id="b577a3ec-c81c-4a39-b62e-4a3e037278a4" target="False"><Attribute name="COLOUR" value="DARK-GREEN" /><Attribute name="SIZE" value="MEDIUM" /><Attribute name="TAG" value="SQUARE" /><Attribute name="TYPE" value="CUBE" /><Attribute name="XPOS" value="3" /><Attribute name="YPOS" value="1" /></Object><Object file="Type_Sphere_Tag_Circle_Colour_Dark-blue_Size_Large.png" id="a0b4a24b-2ffe-40f9-8271-e3ce8c95bc79" target="False"><Attribute name="COLOUR" value="DARK-BLUE" /><Attribute name="SIZE" value="LARGE" /><Attribute name="TAG" value="CIRCLE" /><Attribute name="TYPE" value="SPHERE" /><Attribute name="XPOS" value="3" /><Attribute name="YPOS" value="0" /></Object><Object file="Type_Cube_Tag_Circle_Colour_Grey_Size_Medium.png" id="64f300ea-aca5-4153-a0df-b6cbc22007c1" target="False"><Attribute name="COLOUR" value="GREY" /><Attribute name="SIZE" value="MEDIUM" /><Attribute name="TAG" value="CIRCLE" /><Attribute name="TYPE" value="CUBE" /><Attribute name="XPOS" value="4" /><Attribute name="YPOS" value="0" /></Object></Objects><Attribute_assessment><Assessed_attribute name="COLOUR" value="LIGHT-GREEN" /><Assessed_attribute name="SIZE" value="MEDIUM" /><Assessed_attribute name="TAG" value="CIRCLE" /><Assessed_attribute name="TYPE1" value="DICE" /><Assessed_attribute name="TYPE2" value="CUBE" /><Assessed_attribute name="XPOS" value="THE THIRD FROM LEFT" /><Assessed_attribute name="YPOS" value="ON THE UPPER SHELVE" /></Attribute_assessment><Production_RE><RE_Attribute id="1" name="COLOUR" value="LIGHT-GREEN" /><RE_Attribute id="2" name="TYPE2" value="CUBE" /><RE_Attribute id="3" name="XPOS" value="THE THIRD FROM LEFT" /><RE_Attribute id="4" name="YPOS" value="ON THE UPPER SHELVE" /></Production_RE></Session>