<Session><Session_id>12</Session_id><Participant_id>5adb7d6d5f327e0001fb3701</Participant_id><Set_size>8</Set_size><session_configuration>random</session_configuration><Objects><Object file="Type_Cylinder_Tag_Square_Colour_Red_Size_Large.png" id="56ee22b5-2a80-4d13-b5f4-7022db61e1ec" target="False"><Attribute name="COLOUR" value="RED" /><Attribute name="SIZE" value="LARGE" /><Attribute name="TAG" value="SQUARE" /><Attribute name="TYPE" value="CYLINDER" /><Attribute name="XPOS" value="0" /><Attribute name="YPOS" value="0" /></Object><Object file="Type_Cone_Tag_Circle_Colour_Black_Size_Small.png" id="128ff669-f010-4a84-a105-1fe7e6b25d44" target="False"><Attribute name="COLOUR" value="BLACK" /><Attribute name="SIZE" value="SMALL" /><Attribute name="TAG" value="CIRCLE" /><Attribute name="TYPE" value="CONE" /><Attribute name="XPOS" value="1" /><Attribute name="YPOS" value="0" /></Object><Object file="Type_Cylinder_Tag_Circle_Colour_Dark-blue_Size_Large.png" id="b5c3f3ac-fbd2-43bd-944e-c6bc401aafe3" target="False"><Attribute name="COLOUR" value="DARK-BLUE" /><Attribute name="SIZE" value="LARGE" /><Attribute name="TAG" value="CIRCLE" /><Attribute name="TYPE" value="CYLINDER" /><Attribute name="XPOS" value="2" /><Attribute name="YPOS" value="0" /></Object><Object file="Type_Torus_Tag_Circle_Colour_Red_Size_Large.png" id="53db186b-51c3-4d5c-9bb1-38f24b5347a2" target="False"><Attribute name="COLOUR" value="RED" /><Attribute name="SIZE" value="LARGE" /><Attribute name="TAG" value="CIRCLE" /><Attribute name="TYPE" value="TORUS" /><Attribute name="XPOS" value="3" /><Attribute name="YPOS" value="0" /></Object><Object file="Type_Cube_Tag_Square_Colour_Brown_Size_Small.png" id="61564966-e22c-448f-b3bd-09158de04d20" target="False"><Attribute name="COLOUR" value="BROWN" /><Attribute name="SIZE" value="SMALL" /><Attribute name="TAG" value="SQUARE" /><Attribute name="TYPE" value="CUBE" /><Attribute name="XPOS" value="0" /><Attribute name="YPOS" value="1" /></Object><Object file="Type_Cylinder_Tag_Square_Colour_Light-green_Size_Small.png" id="3322c3a3-4b48-47b2-ad89-5177028a893b" target="False"><Attribute name="COLOUR" value="LIGHT-GREEN" /><Attribute name="SIZE" value="SMALL" /><Attribute name="TAG" value="SQUARE" /><Attribute name="TYPE" value="CYLINDER" /><Attribute name="XPOS" value="1" /><Attribute name="YPOS" value="1" /></Object><Object file="Type_Sphere_Tag_Square_Colour_Brown_Size_Small.png" id="e81e4c0b-afa1-4578-98c5-f965288a0726" target="True"><Attribute name="COLOUR" value="BROWN" /><Attribute name="SIZE" value="SMALL" /><Attribute name="TAG" value="SQUARE" /><Attribute name="TYPE" value="SPHERE" /><Attribute name="XPOS" value="2" /><Attribute name="YPOS" value="1" /></Object><Object file="Type_Sphere_Tag_Circle_Colour_Red_Size_Large.png" id="6464fb5a-4e9f-420a-99f9-1b25d6130dc7" target="False"><Attribute name="COLOUR" value="RED" /><Attribute name="SIZE" value="LARGE" /><Attribute name="TAG" value="CIRCLE" /><Attribute name="TYPE" value="SPHERE" /><Attribute name="XPOS" value="3" /><Attribute name="YPOS" value="1" /></Object></Objects><Attribute_assessment><Assessed_attribute name="COLOUR" value="BROWN" /><Assessed_attribute name="SIZE" value="SMALL" /><Assessed_attribute name="TAG" value="SQUARE" /><Assessed_attribute name="TYPE1" value="SPHERE" /><Assessed_attribute name="TYPE2" value="BALL" /><Assessed_attribute name="XPOS" value="THE THIRD FROM LEFT" /><Assessed_attribute name="YPOS" value="ON THE UPPER SHELVE" /></Attribute_assessment><Production_RE><RE_Attribute id="1" name="COLOUR" value="BROWN" /><RE_Attribute id="2" name="TYPE2" value="BALL" /></Production_RE></Session>