<Session><Session_id>8</Session_id><Participant_id>5adb7d6d5f327e0001fb3701</Participant_id><Set_size>6</Set_size><session_configuration>fixed</session_configuration><Objects><Object file="Type_Torus_Tag_Circle_Colour_Green_Size_Small.png" id="42b84ee1-214d-4c3f-bf75-803d95772bcd" target="True"><Attribute name="COLOUR" value="GREEN" /><Attribute name="SIZE" value="SMALL" /><Attribute name="TAG" value="CIRCLE" /><Attribute name="TYPE" value="TORUS" /><Attribute name="XPOS" value="0" /><Attribute name="YPOS" value="0" /></Object><Object file="Type_Sphere_Tag_Circle_Colour_Brown_Size_Small.png" id="006228f0-48d7-490e-b84c-9876676fcb6c" target="False"><Attribute name="COLOUR" value="BROWN" /><Attribute name="SIZE" value="SMALL" /><Attribute name="TAG" value="CIRCLE" /><Attribute name="TYPE" value="SPHERE" /><Attribute name="XPOS" value="0" /><Attribute name="YPOS" value="1" /></Object><Object file="Type_Cylinder_Tag_Circle_Colour_Grey_Size_Large.png" id="ca64c1dc-8edd-40a1-bcdb-c1e6dfa8bfc2" target="False"><Attribute name="COLOUR" value="GREY" /><Attribute name="SIZE" value="LARGE" /><Attribute name="TAG" value="CIRCLE" /><Attribute name="TYPE" value="CYLINDER" /><Attribute name="XPOS" value="1" /><Attribute name="YPOS" value="1" /></Object><Object file="Type_Cube_Tag_Square_Colour_Light-green_Size_Small.png" id="85a7898d-d619-4167-915c-8d7cd440134e" target="False"><Attribute name="COLOUR" value="LIGHT-GREEN" /><Attribute name="SIZE" value="SMALL" /><Attribute name="TAG" value="SQUARE" /><Attribute name="TYPE" value="CUBE" /><Attribute name="XPOS" value="1" /><Attribute name="YPOS" value="0" /></Object><Object file="Type_Cube_Tag_Circle_Colour_Green_Size_Medium.png" id="7a03b93a-63f9-4c21-838d-ba363532f83f" target="False"><Attribute name="COLOUR" value="GREEN" /><Attribute name="SIZE" value="MEDIUM" /><Attribute name="TAG" value="CIRCLE" /><Attribute name="TYPE" value="CUBE" /><Attribute name="XPOS" value="2" /><Attribute name="YPOS" value="1" /></Object><Object file="Type_Torus_Tag_Square_Colour_Green_Size_Small.png" id="11b619ea-decc-487c-8bb0-3f6dbb60a324" target="False"><Attribute name="COLOUR" value="GREEN" /><Attribute name="SIZE" value="SMALL" /><Attribute name="TAG" value="SQUARE" /><Attribute name="TYPE" value="TORUS" /><Attribute name="XPOS" value="2" /><Attribute name="YPOS" value="0" /></Object></Objects><Attribute_assessment><Assessed_attribute name="COLOUR" value="GREEN" /><Assessed_attribute name="SIZE" value="SMALL" /><Assessed_attribute name="TAG" value="CIRCLE" /><Assessed_attribute name="TYPE1" value="DONUT" /><Assessed_attribute name="TYPE2" value="RING" /><Assessed_attribute name="TYPE3" value="TORUS" /><Assessed_attribute name="XPOS" value="THE FIRST FROM LEFT" /><Assessed_attribute name="YPOS" value="ON THE LOWER SHELVE" /></Attribute_assessment><Production_RE><RE_Attribute id="1" name="COLOUR" value="GREEN" /><RE_Attribute id="2" name="TYPE2" value="RING" /><Spatial_Relation expression=" below " related="006228f0-48d7-490e-b84c-9876676fcb6c"><Spatial_Attribute id="11" name="TYPE2" value="BALL" /></Spatial_Relation></Production_RE><Spatial_attribute_assessment><Assessed_spatial_attribute name="COLOUR" value="BROWN" /><Assessed_spatial_attribute name="SIZE" value="SMALL" /><Assessed_spatial_attribute name="TAG" value="CIRCLE" /><Assessed_spatial_attribute name="TYPE1" value="SPHERE" /><Assessed_spatial_attribute name="TYPE2" value="BALL" /><Assessed_spatial_attribute name="XPOS" value="THE FIRST FROM LEFT" /><Assessed_spatial_attribute name="YPOS" value="ON THE UPPER SHELVE" /></Spatial_attribute_assessment></Session>