<Priors><Attributes><set name="COLOUR"><attribute name="BLACK">17</attribute><attribute name="BLUE">61</attribute><attribute name="BROWN">49</attribute><attribute name="DARK-BLUE">19</attribute><attribute name="DARK-GREEN">50</attribute><attribute name="DARK-RED">10</attribute><attribute name="GREEN">77</attribute><attribute name="GREY">26</attribute><attribute name="LIGHT-BLUE">74</attribute><attribute name="LIGHT-GREEN">60</attribute><attribute name="LIGHT-RED">39</attribute><attribute name="RED">66</attribute></set><set name="NAMETAG"><attribute name="CIRCLE">68</attribute><attribute name="SQUARE">57</attribute></set><set name="SIZE"><attribute name="0.25">30</attribute><attribute name="0.5">35</attribute><attribute name="0.75">65</attribute><attribute name="1">61</attribute></set><set name="TYPE"><attribute name="CONE">89</attribute><attribute name="CUBE">27</attribute><attribute name="CYLINDER">31</attribute><attribute name="SPHERE">60</attribute><attribute name="TORUS">66</attribute></set><set name="COLOURMAP"><attribute name="0">42</attribute><attribute name="1">33</attribute><attribute name="2">55</attribute><attribute name="3">67</attribute><attribute name="4">63</attribute><attribute name="5">60</attribute><attribute name="6">58</attribute></set></Attributes><Participant_id>5ae8b37fb779850001925787</Participant_id></Priors>