<Session><Session_id>25</Session_id><Participant_id>5af8641de19f8c00019e7235</Participant_id><Set_size>7</Set_size><session_configuration>random</session_configuration><Objects><Object file="Type_Cube_Tag_Circle_Colour_Red_Size_Large.png" id="455cae98-d704-40f1-bd4e-9c8faf001ae9" target="False"><Attribute name="COLOUR" value="RED" /><Attribute name="SIZE" value="LARGE" /><Attribute name="TAG" value="CIRCLE" /><Attribute name="TYPE" value="CUBE" /><Attribute name="XPOS" value="0" /><Attribute name="YPOS" value="0" /></Object><Object file="Type_Cube_Tag_Square_Colour_Light-red_Size_Large.png" id="f360245e-eb1e-4374-9a26-cfa070b8b945" target="False"><Attribute name="COLOUR" value="LIGHT-RED" /><Attribute name="SIZE" value="LARGE" /><Attribute name="TAG" value="SQUARE" /><Attribute name="TYPE" value="CUBE" /><Attribute name="XPOS" value="1" /><Attribute name="YPOS" value="0" /></Object><Object file="Type_Cone_Tag_Square_Colour_Dark-green_Size_Small.png" id="dc8ad53b-3567-408b-bfef-a0f27bb1be78" target="False"><Attribute name="COLOUR" value="DARK-GREEN" /><Attribute name="SIZE" value="SMALL" /><Attribute name="TAG" value="SQUARE" /><Attribute name="TYPE" value="CONE" /><Attribute name="XPOS" value="2" /><Attribute name="YPOS" value="0" /></Object><Object file="Type_Torus_Tag_Circle_Colour_Dark-red_Size_Medium.png" id="44daf648-1d67-47e7-8f4b-9be08940c5ae" target="False"><Attribute name="COLOUR" value="DARK-RED" /><Attribute name="SIZE" value="MEDIUM" /><Attribute name="TAG" value="CIRCLE" /><Attribute name="TYPE" value="TORUS" /><Attribute name="XPOS" value="3" /><Attribute name="YPOS" value="0" /></Object><Object file="Type_Cube_Tag_Circle_Colour_Light-blue_Size_Large.png" id="e76a7481-845b-43f8-9e78-c71ceca5a75e" target="True"><Attribute name="COLOUR" value="LIGHT-BLUE" /><Attribute name="SIZE" value="LARGE" /><Attribute name="TAG" value="CIRCLE" /><Attribute name="TYPE" value="CUBE" /><Attribute name="XPOS" value="0" /><Attribute name="YPOS" value="1" /></Object><Object file="Type_Sphere_Tag_Circle_Colour_Light-red_Size_Small.png" id="10ba0df3-e335-45bb-89ab-f9bea0f5bbac" target="False"><Attribute name="COLOUR" value="LIGHT-RED" /><Attribute name="SIZE" value="SMALL" /><Attribute name="TAG" value="CIRCLE" /><Attribute name="TYPE" value="SPHERE" /><Attribute name="XPOS" value="1" /><Attribute name="YPOS" value="1" /></Object><Object file="Type_Cylinder_Tag_Circle_Colour_Light-green_Size_Large.png" id="4e5b1158-734d-4814-aea4-fa7180eb1ecd" target="False"><Attribute name="COLOUR" value="LIGHT-GREEN" /><Attribute name="SIZE" value="LARGE" /><Attribute name="TAG" value="CIRCLE" /><Attribute name="TYPE" value="CYLINDER" /><Attribute name="XPOS" value="2" /><Attribute name="YPOS" value="1" /></Object></Objects><Attribute_assessment><Assessed_attribute name="COLOUR1" value="LIGHT-BLUE" /><Assessed_attribute name="COLOUR2" value="BLUE" /><Assessed_attribute name="SIZE" value="LARGE" /><Assessed_attribute name="TAG" value="CIRCLE" /><Assessed_attribute name="TYPE1" value="DICE" /><Assessed_attribute name="TYPE2" value="CUBE" /><Assessed_attribute name="XPOS" value="THE FIRST FROM LEFT" /><Assessed_attribute name="YPOS" value="ON THE UPPER SHELVE" /></Attribute_assessment><Production_RE><RE_Attribute id="1" name="SIZE" value="LARGE" /><RE_Attribute id="2" name="COLOUR1" value="LIGHT-BLUE" /><RE_Attribute id="3" name="TYPE2" value="CUBE" /><RE_Attribute id="4" name="XPOS" value="THE FIRST FROM LEFT" /><RE_Attribute id="5" name="YPOS" value="ON THE UPPER SHELVE" /><Spatial_Relation expression=" above " related="455cae98-d704-40f1-bd4e-9c8faf001ae9"><Spatial_Attribute id="11" name="SIZE" value="LARGE" /><Spatial_Attribute id="12" name="COLOUR" value="RED" /><Spatial_Attribute id="13" name="TYPE2" value="CUBE" /></Spatial_Relation></Production_RE><Spatial_attribute_assessment><Assessed_spatial_attribute name="COLOUR" value="RED" /><Assessed_spatial_attribute name="SIZE" value="LARGE" /><Assessed_spatial_attribute name="TAG" value="CIRCLE" /><Assessed_spatial_attribute name="TYPE1" value="DICE" /><Assessed_spatial_attribute name="TYPE2" value="CUBE" /><Assessed_spatial_attribute name="XPOS" value="THE FIRST FROM LEFT" /><Assessed_spatial_attribute name="YPOS" value="ON THE LOWER SHELVE" /></Spatial_attribute_assessment></Session>