<Session><Session_id>12</Session_id><Participant_id>5af8641de19f8c00019e7235</Participant_id><Set_size>8</Set_size><session_configuration>random</session_configuration><Objects><Object file="Type_Cube_Tag_Circle_Colour_Black_Size_Large.png" id="960a686c-78a6-4d01-bf64-a08be7903fa5" target="True"><Attribute name="COLOUR" value="BLACK" /><Attribute name="SIZE" value="LARGE" /><Attribute name="TAG" value="CIRCLE" /><Attribute name="TYPE" value="CUBE" /><Attribute name="XPOS" value="0" /><Attribute name="YPOS" value="0" /></Object><Object file="Type_Torus_Tag_Circle_Colour_Blue_Size_Large.png" id="a1c7d1ed-e2f5-4800-a480-d52c257cf6b1" target="False"><Attribute name="COLOUR" value="BLUE" /><Attribute name="SIZE" value="LARGE" /><Attribute name="TAG" value="CIRCLE" /><Attribute name="TYPE" value="TORUS" /><Attribute name="XPOS" value="1" /><Attribute name="YPOS" value="0" /></Object><Object file="Type_Cube_Tag_Square_Colour_Light-red_Size_Small.png" id="036b8fda-27ea-4b0d-94aa-2ccace8fc89b" target="False"><Attribute name="COLOUR" value="LIGHT-RED" /><Attribute name="SIZE" value="SMALL" /><Attribute name="TAG" value="SQUARE" /><Attribute name="TYPE" value="CUBE" /><Attribute name="XPOS" value="2" /><Attribute name="YPOS" value="0" /></Object><Object file="Type_Torus_Tag_Square_Colour_Red_Size_Large.png" id="521fd49e-a9a2-4c94-b0d1-ac87f8a5c21c" target="False"><Attribute name="COLOUR" value="RED" /><Attribute name="SIZE" value="LARGE" /><Attribute name="TAG" value="SQUARE" /><Attribute name="TYPE" value="TORUS" /><Attribute name="XPOS" value="3" /><Attribute name="YPOS" value="0" /></Object><Object file="Type_Cone_Tag_Circle_Colour_Blue_Size_Medium.png" id="fb103385-0516-44b4-af9d-a7dc5d10a169" target="False"><Attribute name="COLOUR" value="BLUE" /><Attribute name="SIZE" value="MEDIUM" /><Attribute name="TAG" value="CIRCLE" /><Attribute name="TYPE" value="CONE" /><Attribute name="XPOS" value="0" /><Attribute name="YPOS" value="1" /></Object><Object file="Type_Cone_Tag_Square_Colour_Black_Size_Small.png" id="b4b3e9fc-5471-47b5-8a37-fe4358fcc059" target="False"><Attribute name="COLOUR" value="BLACK" /><Attribute name="SIZE" value="SMALL" /><Attribute name="TAG" value="SQUARE" /><Attribute name="TYPE" value="CONE" /><Attribute name="XPOS" value="1" /><Attribute name="YPOS" value="1" /></Object><Object file="Type_Cone_Tag_Circle_Colour_Red_Size_Medium.png" id="d815624f-50bc-495d-9a31-22b827b3a56f" target="False"><Attribute name="COLOUR" value="RED" /><Attribute name="SIZE" value="MEDIUM" /><Attribute name="TAG" value="CIRCLE" /><Attribute name="TYPE" value="CONE" /><Attribute name="XPOS" value="2" /><Attribute name="YPOS" value="1" /></Object><Object file="Type_Cone_Tag_Circle_Colour_Black_Size_Medium.png" id="787f81ab-e6fe-4ce7-ae14-19956e5dbbb8" target="False"><Attribute name="COLOUR" value="BLACK" /><Attribute name="SIZE" value="MEDIUM" /><Attribute name="TAG" value="CIRCLE" /><Attribute name="TYPE" value="CONE" /><Attribute name="XPOS" value="3" /><Attribute name="YPOS" value="1" /></Object></Objects><Attribute_assessment><Assessed_attribute name="COLOUR" value="BLACK" /><Assessed_attribute name="SIZE" value="LARGE" /><Assessed_attribute name="TAG" value="CIRCLE" /><Assessed_attribute name="TYPE1" value="DICE" /><Assessed_attribute name="TYPE2" value="CUBE" /><Assessed_attribute name="XPOS" value="THE FIRST FROM LEFT" /><Assessed_attribute name="YPOS" value="ON THE LOWER SHELVE" /></Attribute_assessment><Production_RE><RE_Attribute id="1" name="SIZE" value="LARGE" /><RE_Attribute id="2" name="COLOUR" value="BLACK" /><RE_Attribute id="3" name="TYPE2" value="CUBE" /><RE_Attribute id="4" name="YPOS" value="ON THE LOWER SHELVE" /><Spatial_Relation expression=" directly to the left of " related="a1c7d1ed-e2f5-4800-a480-d52c257cf6b1"><Spatial_Attribute id="11" name="SIZE" value="LARGE" /><Spatial_Attribute id="12" name="COLOUR" value="BLUE" /><Spatial_Attribute id="13" name="TYPE1" value="DONUT" /><Spatial_Attribute id="14" name="YPOS" value="ON THE LOWER SHELVE" /></Spatial_Relation></Production_RE><Spatial_attribute_assessment><Assessed_spatial_attribute name="COLOUR" value="BLUE" /><Assessed_spatial_attribute name="SIZE" value="LARGE" /><Assessed_spatial_attribute name="TAG" value="CIRCLE" /><Assessed_spatial_attribute name="TYPE1" value="DONUT" /><Assessed_spatial_attribute name="TYPE2" value="RING" /><Assessed_spatial_attribute name="TYPE3" value="TORUS" /><Assessed_spatial_attribute name="XPOS" value="THE SECOND FROM LEFT" /><Assessed_spatial_attribute name="YPOS" value="ON THE LOWER SHELVE" /></Spatial_attribute_assessment></Session>