<Session><Session_id>20</Session_id><Participant_id>5af8641de19f8c00019e7235</Participant_id><Set_size>4</Set_size><session_configuration>random</session_configuration><Objects><Object file="Type_Torus_Tag_Circle_Colour_Red_Size_Large.png" id="43973a5b-a9fe-46a1-88fc-df3312b3acd9" target="False"><Attribute name="COLOUR" value="RED" /><Attribute name="SIZE" value="LARGE" /><Attribute name="TAG" value="CIRCLE" /><Attribute name="TYPE" value="TORUS" /><Attribute name="XPOS" value="0" /><Attribute name="YPOS" value="0" /></Object><Object file="Type_Cube_Tag_Square_Colour_Light-red_Size_Small.png" id="0ec5884f-9b76-47ad-a483-b14c67351fab" target="True"><Attribute name="COLOUR" value="LIGHT-RED" /><Attribute name="SIZE" value="SMALL" /><Attribute name="TAG" value="SQUARE" /><Attribute name="TYPE" value="CUBE" /><Attribute name="XPOS" value="1" /><Attribute name="YPOS" value="0" /></Object><Object file="Type_Torus_Tag_Square_Colour_Brown_Size_Large.png" id="008a959a-a2cd-4644-9648-5022a6af9d9a" target="False"><Attribute name="COLOUR" value="BROWN" /><Attribute name="SIZE" value="LARGE" /><Attribute name="TAG" value="SQUARE" /><Attribute name="TYPE" value="TORUS" /><Attribute name="XPOS" value="0" /><Attribute name="YPOS" value="1" /></Object><Object file="Type_Cube_Tag_Square_Colour_Red_Size_Small.png" id="452e9dc7-fe58-4ae7-b411-b29a5c4e3002" target="False"><Attribute name="COLOUR" value="RED" /><Attribute name="SIZE" value="SMALL" /><Attribute name="TAG" value="SQUARE" /><Attribute name="TYPE" value="CUBE" /><Attribute name="XPOS" value="1" /><Attribute name="YPOS" value="1" /></Object></Objects><Attribute_assessment><Assessed_attribute name="COLOUR" value="LIGHT-RED" /><Assessed_attribute name="SIZE" value="SMALL" /><Assessed_attribute name="TAG" value="SQUARE" /><Assessed_attribute name="TYPE1" value="DICE" /><Assessed_attribute name="TYPE2" value="CUBE" /><Assessed_attribute name="XPOS" value="THE FIRST FROM RIGHT" /><Assessed_attribute name="YPOS" value="ON THE LOWER SHELVE" /></Attribute_assessment><Production_RE><RE_Attribute id="1" name="SIZE" value="SMALL" /><RE_Attribute id="2" name="COLOUR" value="LIGHT-RED" /><RE_Attribute id="3" name="TYPE2" value="CUBE" /><RE_Attribute id="4" name="XPOS" value="THE FIRST FROM RIGHT" /><RE_Attribute id="5" name="YPOS" value="ON THE LOWER SHELVE" /><Spatial_Relation expression=" directly to the right of " related="43973a5b-a9fe-46a1-88fc-df3312b3acd9"><Spatial_Attribute id="11" name="SIZE" value="LARGE" /><Spatial_Attribute id="12" name="COLOUR" value="RED" /><Spatial_Attribute id="13" name="TYPE1" value="DONUT" /></Spatial_Relation></Production_RE><Spatial_attribute_assessment><Assessed_spatial_attribute name="COLOUR" value="RED" /><Assessed_spatial_attribute name="SIZE" value="LARGE" /><Assessed_spatial_attribute name="TAG" value="CIRCLE" /><Assessed_spatial_attribute name="TYPE1" value="DONUT" /><Assessed_spatial_attribute name="TYPE2" value="RING" /><Assessed_spatial_attribute name="TYPE3" value="TORUS" /><Assessed_spatial_attribute name="XPOS" value="THE FIRST FROM LEFT" /><Assessed_spatial_attribute name="YPOS" value="ON THE LOWER SHELVE" /></Spatial_attribute_assessment></Session>