<Session><Session_id>17</Session_id><Participant_id>5af8641de19f8c00019e7235</Participant_id><Set_size>7</Set_size><session_configuration>random</session_configuration><Objects><Object file="Type_Sphere_Tag_Circle_Colour_Light-red_Size_Large.png" id="6d9226da-8a0a-435a-9e87-e930dbe0b19a" target="False"><Attribute name="COLOUR" value="LIGHT-RED" /><Attribute name="SIZE" value="LARGE" /><Attribute name="TAG" value="CIRCLE" /><Attribute name="TYPE" value="SPHERE" /><Attribute name="XPOS" value="0" /><Attribute name="YPOS" value="0" /></Object><Object file="Type_Torus_Tag_Circle_Colour_Dark-red_Size_Large.png" id="c4e2ec65-b9e1-4638-bd7e-70a07d392860" target="False"><Attribute name="COLOUR" value="DARK-RED" /><Attribute name="SIZE" value="LARGE" /><Attribute name="TAG" value="CIRCLE" /><Attribute name="TYPE" value="TORUS" /><Attribute name="XPOS" value="1" /><Attribute name="YPOS" value="0" /></Object><Object file="Type_Cone_Tag_Square_Colour_Light-green_Size_Medium.png" id="60a11157-00bd-4268-a0ee-6109a758183b" target="False"><Attribute name="COLOUR" value="LIGHT-GREEN" /><Attribute name="SIZE" value="MEDIUM" /><Attribute name="TAG" value="SQUARE" /><Attribute name="TYPE" value="CONE" /><Attribute name="XPOS" value="2" /><Attribute name="YPOS" value="0" /></Object><Object file="Type_Sphere_Tag_Square_Colour_Grey_Size_Medium.png" id="cbd7c163-c877-442a-bb80-e2aebc36848f" target="False"><Attribute name="COLOUR" value="GREY" /><Attribute name="SIZE" value="MEDIUM" /><Attribute name="TAG" value="SQUARE" /><Attribute name="TYPE" value="SPHERE" /><Attribute name="XPOS" value="3" /><Attribute name="YPOS" value="0" /></Object><Object file="Type_Cone_Tag_Square_Colour_Green_Size_Small.png" id="8769d05f-0d76-40aa-ad42-ecd2cbb1e2d6" target="False"><Attribute name="COLOUR" value="GREEN" /><Attribute name="SIZE" value="SMALL" /><Attribute name="TAG" value="SQUARE" /><Attribute name="TYPE" value="CONE" /><Attribute name="XPOS" value="0" /><Attribute name="YPOS" value="1" /></Object><Object file="Type_Sphere_Tag_Square_Colour_Green_Size_Large.png" id="e1768052-2250-449b-901f-54fb08279687" target="False"><Attribute name="COLOUR" value="GREEN" /><Attribute name="SIZE" value="LARGE" /><Attribute name="TAG" value="SQUARE" /><Attribute name="TYPE" value="SPHERE" /><Attribute name="XPOS" value="1" /><Attribute name="YPOS" value="1" /></Object><Object file="Type_Cube_Tag_Square_Colour_Blue_Size_Small.png" id="44126ee2-7fec-4877-af87-6b60effc1215" target="True"><Attribute name="COLOUR" value="BLUE" /><Attribute name="SIZE" value="SMALL" /><Attribute name="TAG" value="SQUARE" /><Attribute name="TYPE" value="CUBE" /><Attribute name="XPOS" value="2" /><Attribute name="YPOS" value="1" /></Object></Objects><Attribute_assessment><Assessed_attribute name="COLOUR" value="BLUE" /><Assessed_attribute name="SIZE" value="SMALL" /><Assessed_attribute name="TAG" value="SQUARE" /><Assessed_attribute name="TYPE1" value="DICE" /><Assessed_attribute name="TYPE2" value="CUBE" /><Assessed_attribute name="XPOS" value="THE FIRST FROM RIGHT" /><Assessed_attribute name="YPOS" value="ON THE UPPER SHELVE" /></Attribute_assessment><Production_RE><RE_Attribute id="1" name="TYPE2" value="CUBE" /><RE_Attribute id="2" name="COLOUR" value="BLUE" /><RE_Attribute id="3" name="YPOS" value="ON THE UPPER SHELVE" /><RE_Attribute id="4" name="XPOS" value="THE FIRST FROM RIGHT" /><Spatial_Relation expression=" above " related="60a11157-00bd-4268-a0ee-6109a758183b"><Spatial_Attribute id="11" name="COLOUR" value="LIGHT-GREEN" /><Spatial_Attribute id="12" name="TYPE1" value="CONE" /><Spatial_Attribute id="13" name="SIZE" value="MEDIUM" /></Spatial_Relation></Production_RE><Spatial_attribute_assessment><Assessed_spatial_attribute name="COLOUR" value="LIGHT-GREEN" /><Assessed_spatial_attribute name="SIZE" value="MEDIUM" /><Assessed_spatial_attribute name="TAG" value="SQUARE" /><Assessed_spatial_attribute name="TYPE1" value="CONE" /><Assessed_spatial_attribute name="TYPE2" value="HAT" /><Assessed_spatial_attribute name="TYPE3" value="CAP" /><Assessed_spatial_attribute name="XPOS" value="THE THIRD FROM LEFT" /><Assessed_spatial_attribute name="YPOS" value="ON THE LOWER SHELVE" /></Spatial_attribute_assessment></Session>