<Priors><Attributes><set name="COLOUR"><attribute name="BLACK">100</attribute><attribute name="BLUE">100</attribute><attribute name="BROWN">100</attribute><attribute name="DARK-BLUE">100</attribute><attribute name="DARK-GREEN">95</attribute><attribute name="DARK-RED">100</attribute><attribute name="GREEN">100</attribute><attribute name="GREY">100</attribute><attribute name="LIGHT-BLUE">100</attribute><attribute name="LIGHT-GREEN">92</attribute><attribute name="LIGHT-RED">100</attribute><attribute name="RED">100</attribute></set><set name="NAMETAG"><attribute name="CIRCLE">100</attribute><attribute name="SQUARE">100</attribute></set><set name="SIZE"><attribute name="0.25">21</attribute><attribute name="0.5">34</attribute><attribute name="0.75">100</attribute><attribute name="1">99</attribute></set><set name="TYPE"><attribute name="CONE">100</attribute><attribute name="CUBE">100</attribute><attribute name="CYLINDER">100</attribute><attribute name="SPHERE">100</attribute><attribute name="TORUS">95</attribute></set><set name="COLOURMAP"><attribute name="0">100</attribute><attribute name="1">80</attribute><attribute name="2">72</attribute><attribute name="3">50</attribute><attribute name="4">40</attribute><attribute name="5">33</attribute><attribute name="6">26</attribute></set></Attributes><Participant_id>5af8641de19f8c00019e7235</Participant_id></Priors>