<Priors><Attributes><set name="COLOUR"><attribute name="BLACK">0</attribute><attribute name="BLUE">26</attribute><attribute name="BROWN">15</attribute><attribute name="DARK-BLUE">0</attribute><attribute name="DARK-GREEN">7</attribute><attribute name="DARK-RED">14</attribute><attribute name="GREEN">58</attribute><attribute name="GREY">17</attribute><attribute name="LIGHT-BLUE">69</attribute><attribute name="LIGHT-GREEN">40</attribute><attribute name="LIGHT-RED">67</attribute><attribute name="RED">50</attribute></set><set name="NAMETAG"><attribute name="CIRCLE">72</attribute><attribute name="SQUARE">76</attribute></set><set name="SIZE"><attribute name="0.25">8</attribute><attribute name="0.5">14</attribute><attribute name="0.75">57</attribute><attribute name="1">28</attribute></set><set name="TYPE"><attribute name="CONE">81</attribute><attribute name="CUBE">3</attribute><attribute name="CYLINDER">56</attribute><attribute name="SPHERE">81</attribute><attribute name="TORUS">77</attribute></set><set name="COLOURMAP"><attribute name="0">28</attribute><attribute name="1">41</attribute><attribute name="2">55</attribute><attribute name="3">68</attribute><attribute name="4">75</attribute><attribute name="5">88</attribute><attribute name="6">100</attribute></set></Attributes><Participant_id>5b22694763b71800019fa5ba</Participant_id></Priors>