<Session><Session_id>2</Session_id><Participant_id>5b22694763b71800019fa5ba</Participant_id><Set_size>10</Set_size><session_configuration>fixed</session_configuration><Objects><Object file="Type_Cube_Tag_Square_Colour_Green_Size_Medium.png" id="ca6c63b0-09c3-4edd-8df1-469ccb779072" target="False"><Attribute name="COLOUR" value="GREEN" /><Attribute name="SIZE" value="MEDIUM" /><Attribute name="TAG" value="SQUARE" /><Attribute name="TYPE" value="CUBE" /><Attribute name="XPOS" value="0" /><Attribute name="YPOS" value="0" /></Object><Object file="Type_Torus_Tag_Circle_Colour_Blue_Size_Small.png" id="bd54e0a1-b82b-4cce-af54-a6e06973de1d" target="False"><Attribute name="COLOUR" value="BLUE" /><Attribute name="SIZE" value="SMALL" /><Attribute name="TAG" value="CIRCLE" /><Attribute name="TYPE" value="TORUS" /><Attribute name="XPOS" value="4" /><Attribute name="YPOS" value="1" /></Object><Object file="Type_Sphere_Tag_Circle_Colour_Black_Size_Medium.png" id="50cc1bbd-3569-4d41-b5df-20c9f2ab398a" target="False"><Attribute name="COLOUR" value="BLACK" /><Attribute name="SIZE" value="MEDIUM" /><Attribute name="TAG" value="CIRCLE" /><Attribute name="TYPE" value="SPHERE" /><Attribute name="XPOS" value="0" /><Attribute name="YPOS" value="1" /></Object><Object file="Type_Cylinder_Tag_Circle_Colour_Light-red_Size_Large.png" id="987d5711-1053-4fd4-b8bb-4a441af5f6fc" target="False"><Attribute name="COLOUR" value="LIGHT-RED" /><Attribute name="SIZE" value="LARGE" /><Attribute name="TAG" value="CIRCLE" /><Attribute name="TYPE" value="CYLINDER" /><Attribute name="XPOS" value="1" /><Attribute name="YPOS" value="1" /></Object><Object file="Type_Cube_Tag_Square_Colour_Light-blue_Size_Small.png" id="a811aa2b-4cfb-4b2e-bcc0-27713060787f" target="False"><Attribute name="COLOUR" value="LIGHT-BLUE" /><Attribute name="SIZE" value="SMALL" /><Attribute name="TAG" value="SQUARE" /><Attribute name="TYPE" value="CUBE" /><Attribute name="XPOS" value="1" /><Attribute name="YPOS" value="0" /></Object><Object file="Type_Cube_Tag_Circle_Colour_Light-green_Size_Medium.png" id="b5cb9c04-ed3c-4e72-b1ba-9e43da918fc1" target="True"><Attribute name="COLOUR" value="LIGHT-GREEN" /><Attribute name="SIZE" value="MEDIUM" /><Attribute name="TAG" value="CIRCLE" /><Attribute name="TYPE" value="CUBE" /><Attribute name="XPOS" value="2" /><Attribute name="YPOS" value="1" /></Object><Object file="Type_Cylinder_Tag_Square_Colour_Dark-red_Size_Small.png" id="a1bb7d30-a69a-4796-bde5-b3e43bb5c2c4" target="False"><Attribute name="COLOUR" value="DARK-RED" /><Attribute name="SIZE" value="SMALL" /><Attribute name="TAG" value="SQUARE" /><Attribute name="TYPE" value="CYLINDER" /><Attribute name="XPOS" value="2" /><Attribute name="YPOS" value="0" /></Object><Object file="Type_Cube_Tag_Square_Colour_Dark-green_Size_Medium.png" id="cdfe98a1-7d28-4273-a735-bdd2b600b40a" target="False"><Attribute name="COLOUR" value="DARK-GREEN" /><Attribute name="SIZE" value="MEDIUM" /><Attribute name="TAG" value="SQUARE" /><Attribute name="TYPE" value="CUBE" /><Attribute name="XPOS" value="3" /><Attribute name="YPOS" value="1" /></Object><Object file="Type_Sphere_Tag_Circle_Colour_Dark-blue_Size_Large.png" id="ab71a9b2-89dd-46b1-b844-4d93a402b165" target="False"><Attribute name="COLOUR" value="DARK-BLUE" /><Attribute name="SIZE" value="LARGE" /><Attribute name="TAG" value="CIRCLE" /><Attribute name="TYPE" value="SPHERE" /><Attribute name="XPOS" value="3" /><Attribute name="YPOS" value="0" /></Object><Object file="Type_Cube_Tag_Circle_Colour_Grey_Size_Medium.png" id="67e657fe-a7ff-4113-93a9-51a15a0366b8" target="False"><Attribute name="COLOUR" value="GREY" /><Attribute name="SIZE" value="MEDIUM" /><Attribute name="TAG" value="CIRCLE" /><Attribute name="TYPE" value="CUBE" /><Attribute name="XPOS" value="4" /><Attribute name="YPOS" value="0" /></Object></Objects><Attribute_assessment><Assessed_attribute name="COLOUR" value="LIGHT-GREEN" /><Assessed_attribute name="SIZE" value="MEDIUM" /><Assessed_attribute name="TAG" value="CIRCLE" /><Assessed_attribute name="TYPE1" value="DICE" /><Assessed_attribute name="TYPE2" value="CUBE" /><Assessed_attribute name="XPOS" value="THE THIRD FROM LEFT" /><Assessed_attribute name="YPOS" value="ON THE UPPER SHELVE" /></Attribute_assessment><Production_RE><RE_Attribute id="1" name="TYPE2" value="CUBE" /><RE_Attribute id="2" name="COLOUR" value="LIGHT-GREEN" /></Production_RE></Session>