<Session><Session_id>5</Session_id><Participant_id>5b22694763b71800019fa5ba</Participant_id><Set_size>4</Set_size><session_configuration>fixed</session_configuration><Objects><Object file="Type_Sphere_Tag_Circle_Colour_Light-blue_Size_Small.png" id="361d8fdb-498a-4c32-8a70-dc17b5093f33" target="True"><Attribute name="COLOUR" value="LIGHT-BLUE" /><Attribute name="SIZE" value="SMALL" /><Attribute name="TAG" value="CIRCLE" /><Attribute name="TYPE" value="SPHERE" /><Attribute name="XPOS" value="0" /><Attribute name="YPOS" value="0" /></Object><Object file="Type_Sphere_Tag_Square_Colour_Light-blue_Size_Medium.png" id="3718823d-787b-45ee-9eae-129be835ff46" target="False"><Attribute name="COLOUR" value="LIGHT-BLUE" /><Attribute name="SIZE" value="MEDIUM" /><Attribute name="TAG" value="SQUARE" /><Attribute name="TYPE" value="SPHERE" /><Attribute name="XPOS" value="0" /><Attribute name="YPOS" value="1" /></Object><Object file="Type_Cube_Tag_Square_Colour_Blue_Size_Large.png" id="b9539730-2194-4b5b-b1db-ff9701e9c1de" target="False"><Attribute name="COLOUR" value="BLUE" /><Attribute name="SIZE" value="LARGE" /><Attribute name="TAG" value="SQUARE" /><Attribute name="TYPE" value="CUBE" /><Attribute name="XPOS" value="1" /><Attribute name="YPOS" value="1" /></Object><Object file="Type_Sphere_Tag_Square_Colour_Dark-blue_Size_Medium.png" id="e217d333-8238-4cac-9e24-07bce2f00d80" target="False"><Attribute name="COLOUR" value="DARK-BLUE" /><Attribute name="SIZE" value="MEDIUM" /><Attribute name="TAG" value="SQUARE" /><Attribute name="TYPE" value="SPHERE" /><Attribute name="XPOS" value="1" /><Attribute name="YPOS" value="0" /></Object></Objects><Attribute_assessment><Assessed_attribute name="COLOUR" value="LIGHT-BLUE" /><Assessed_attribute name="SIZE" value="SMALL" /><Assessed_attribute name="TAG" value="CIRCLE" /><Assessed_attribute name="TYPE1" value="SPHERE" /><Assessed_attribute name="TYPE2" value="BALL" /><Assessed_attribute name="XPOS" value="THE FIRST FROM LEFT" /><Assessed_attribute name="YPOS" value="ON THE LOWER SHELVE" /></Attribute_assessment><Production_RE><RE_Attribute id="1" name="SIZE" value="SMALL" /><RE_Attribute id="2" name="TYPE1" value="SPHERE" /><RE_Attribute id="3" name="COLOUR" value="LIGHT-BLUE" /></Production_RE></Session>