<Session><Session_id>12</Session_id><Participant_id>5b22694763b71800019fa5ba</Participant_id><Set_size>5</Set_size><session_configuration>random</session_configuration><Objects><Object file="Type_Torus_Tag_Square_Colour_Red_Size_Medium.png" id="8bc2c5ed-8481-4ecd-9c34-61f39b2d9b56" target="False"><Attribute name="COLOUR" value="RED" /><Attribute name="SIZE" value="MEDIUM" /><Attribute name="TAG" value="SQUARE" /><Attribute name="TYPE" value="TORUS" /><Attribute name="XPOS" value="0" /><Attribute name="YPOS" value="0" /></Object><Object file="Type_Cube_Tag_Circle_Colour_Dark-green_Size_Medium.png" id="a5f886dd-bab8-4653-b397-c4e4408243f9" target="False"><Attribute name="COLOUR" value="DARK-GREEN" /><Attribute name="SIZE" value="MEDIUM" /><Attribute name="TAG" value="CIRCLE" /><Attribute name="TYPE" value="CUBE" /><Attribute name="XPOS" value="1" /><Attribute name="YPOS" value="0" /></Object><Object file="Type_Torus_Tag_Square_Colour_Light-blue_Size_Medium.png" id="f464e562-fbef-4cc7-9ee1-d5f0944f10ac" target="True"><Attribute name="COLOUR" value="LIGHT-BLUE" /><Attribute name="SIZE" value="MEDIUM" /><Attribute name="TAG" value="SQUARE" /><Attribute name="TYPE" value="TORUS" /><Attribute name="XPOS" value="0" /><Attribute name="YPOS" value="1" /></Object><Object file="Type_Cylinder_Tag_Square_Colour_Grey_Size_Medium.png" id="bdfd86b1-c851-4ff5-aa77-3c177c424e67" target="False"><Attribute name="COLOUR" value="GREY" /><Attribute name="SIZE" value="MEDIUM" /><Attribute name="TAG" value="SQUARE" /><Attribute name="TYPE" value="CYLINDER" /><Attribute name="XPOS" value="1" /><Attribute name="YPOS" value="1" /></Object><Object file="Type_Torus_Tag_Square_Colour_Light-red_Size_Medium.png" id="df464b4c-fc50-4907-b518-15eccacdc17c" target="False"><Attribute name="COLOUR" value="LIGHT-RED" /><Attribute name="SIZE" value="MEDIUM" /><Attribute name="TAG" value="SQUARE" /><Attribute name="TYPE" value="TORUS" /><Attribute name="XPOS" value="2" /><Attribute name="YPOS" value="1" /></Object></Objects><Attribute_assessment><Assessed_attribute name="COLOUR1" value="LIGHT-BLUE" /><Assessed_attribute name="COLOUR2" value="BLUE" /><Assessed_attribute name="TAG" value="SQUARE" /><Assessed_attribute name="TYPE1" value="DONUT" /><Assessed_attribute name="TYPE2" value="RING" /><Assessed_attribute name="TYPE3" value="TORUS" /><Assessed_attribute name="XPOS" value="THE FIRST FROM LEFT" /><Assessed_attribute name="YPOS" value="ON THE UPPER SHELVE" /></Attribute_assessment><Production_RE><RE_Attribute id="1" name="TYPE3" value="TORUS" /><RE_Attribute id="2" name="COLOUR1" value="LIGHT-BLUE" /></Production_RE></Session>