<Session><Session_id>18</Session_id><Participant_id>5b2a9bd534ffd00001b4c1c7</Participant_id><Set_size>3</Set_size><session_configuration>random</session_configuration><Objects><Object file="Type_Sphere_Tag_Circle_Colour_Dark-green_Size_Medium.png" id="112ead8a-d7da-4d19-8b42-1e8bffbccd70" target="False"><Attribute name="COLOUR" value="DARK-GREEN" /><Attribute name="SIZE" value="MEDIUM" /><Attribute name="TAG" value="CIRCLE" /><Attribute name="TYPE" value="SPHERE" /><Attribute name="XPOS" value="0" /><Attribute name="YPOS" value="0" /></Object><Object file="Type_Cube_Tag_Circle_Colour_Red_Size_Medium.png" id="ae98496a-1da0-439a-84fc-641ca65971bf" target="True"><Attribute name="COLOUR" value="RED" /><Attribute name="SIZE" value="MEDIUM" /><Attribute name="TAG" value="CIRCLE" /><Attribute name="TYPE" value="CUBE" /><Attribute name="XPOS" value="1" /><Attribute name="YPOS" value="0" /></Object><Object file="Type_Cone_Tag_Circle_Colour_Blue_Size_Large.png" id="95f4f249-9437-4bc7-8e79-2d8924f8c32f" target="False"><Attribute name="COLOUR" value="BLUE" /><Attribute name="SIZE" value="LARGE" /><Attribute name="TAG" value="CIRCLE" /><Attribute name="TYPE" value="CONE" /><Attribute name="XPOS" value="0" /><Attribute name="YPOS" value="1" /></Object></Objects><Attribute_assessment><Assessed_attribute name="COLOUR" value="RED" /><Assessed_attribute name="SIZE" value="SMALL" /><Assessed_attribute name="TAG" value="CIRCLE" /><Assessed_attribute name="TYPE1" value="DICE" /><Assessed_attribute name="TYPE2" value="CUBE" /><Assessed_attribute name="XPOS" value="THE FIRST FROM RIGHT" /><Assessed_attribute name="YPOS" value="ON THE LOWER SHELVE" /></Attribute_assessment><Production_RE><RE_Attribute id="1" name="TYPE2" value="CUBE" /><RE_Attribute id="2" name="COLOUR" value="RED" /></Production_RE></Session>