<Session><Session_id>24</Session_id><Participant_id>5b2a9bd534ffd00001b4c1c7</Participant_id><Set_size>5</Set_size><session_configuration>random</session_configuration><Objects><Object file="Type_Cone_Tag_Circle_Colour_Dark-red_Size_Medium.png" id="4c84ff67-dc2e-4a24-9057-5cf80f5533c1" target="False"><Attribute name="COLOUR" value="DARK-RED" /><Attribute name="SIZE" value="MEDIUM" /><Attribute name="TAG" value="CIRCLE" /><Attribute name="TYPE" value="CONE" /><Attribute name="XPOS" value="0" /><Attribute name="YPOS" value="0" /></Object><Object file="Type_Cylinder_Tag_Square_Colour_Red_Size_Small.png" id="2d56482d-d4fa-4d0f-b85f-f9fc5b657247" target="False"><Attribute name="COLOUR" value="RED" /><Attribute name="SIZE" value="SMALL" /><Attribute name="TAG" value="SQUARE" /><Attribute name="TYPE" value="CYLINDER" /><Attribute name="XPOS" value="1" /><Attribute name="YPOS" value="0" /></Object><Object file="Type_Torus_Tag_Square_Colour_Grey_Size_Small.png" id="f972c986-3258-4ee8-b2fd-d42e05acf731" target="False"><Attribute name="COLOUR" value="GREY" /><Attribute name="SIZE" value="SMALL" /><Attribute name="TAG" value="SQUARE" /><Attribute name="TYPE" value="TORUS" /><Attribute name="XPOS" value="0" /><Attribute name="YPOS" value="1" /></Object><Object file="Type_Sphere_Tag_Square_Colour_Blue_Size_Medium.png" id="1174c34e-da4b-4475-b406-a77a9fc29b8b" target="True"><Attribute name="COLOUR" value="BLUE" /><Attribute name="SIZE" value="MEDIUM" /><Attribute name="TAG" value="SQUARE" /><Attribute name="TYPE" value="SPHERE" /><Attribute name="XPOS" value="1" /><Attribute name="YPOS" value="1" /></Object><Object file="Type_Cube_Tag_Square_Colour_Light-green_Size_Small.png" id="b572be3e-5b30-43d2-94ab-b0f237067f41" target="False"><Attribute name="COLOUR" value="LIGHT-GREEN" /><Attribute name="SIZE" value="SMALL" /><Attribute name="TAG" value="SQUARE" /><Attribute name="TYPE" value="CUBE" /><Attribute name="XPOS" value="2" /><Attribute name="YPOS" value="1" /></Object></Objects><Attribute_assessment><Assessed_attribute name="COLOUR" value="BLUE" /><Assessed_attribute name="SIZE" value="LARGE" /><Assessed_attribute name="TAG" value="SQUARE" /><Assessed_attribute name="TYPE1" value="SPHERE" /><Assessed_attribute name="TYPE2" value="BALL" /><Assessed_attribute name="XPOS" value="THE SECOND FROM LEFT" /><Assessed_attribute name="YPOS" value="ON THE UPPER SHELVE" /></Attribute_assessment><Production_RE><RE_Attribute id="1" name="TYPE2" value="BALL" /></Production_RE></Session>