<Session><Session_id>7</Session_id><Participant_id>5b2a9bd534ffd00001b4c1c7</Participant_id><Set_size>6</Set_size><session_configuration>fixed</session_configuration><Objects><Object file="Type_Sphere_Tag_Square_Colour_Blue_Size_Medium.png" id="a95eb7e5-c494-433b-9a5a-db4f3e369b0a" target="False"><Attribute name="COLOUR" value="BLUE" /><Attribute name="SIZE" value="MEDIUM" /><Attribute name="TAG" value="SQUARE" /><Attribute name="TYPE" value="SPHERE" /><Attribute name="XPOS" value="0" /><Attribute name="YPOS" value="0" /></Object><Object file="Type_Sphere_Tag_Circle_Colour_Dark-blue_Size_Small.png" id="ba033054-4a78-40c1-8147-74fb8ddea6d8" target="False"><Attribute name="COLOUR" value="DARK-BLUE" /><Attribute name="SIZE" value="SMALL" /><Attribute name="TAG" value="CIRCLE" /><Attribute name="TYPE" value="SPHERE" /><Attribute name="XPOS" value="0" /><Attribute name="YPOS" value="1" /></Object><Object file="Type_Torus_Tag_Circle_Colour_Dark-red_Size_Large.png" id="ce6de54f-a6cc-47e5-a19c-096bf7212070" target="False"><Attribute name="COLOUR" value="DARK-RED" /><Attribute name="SIZE" value="LARGE" /><Attribute name="TAG" value="CIRCLE" /><Attribute name="TYPE" value="TORUS" /><Attribute name="XPOS" value="1" /><Attribute name="YPOS" value="1" /></Object><Object file="Type_Cube_Tag_Square_Colour_Light-blue_Size_Small.png" id="d027b5bb-e3cf-4943-b413-653f5e48ba1b" target="False"><Attribute name="COLOUR" value="LIGHT-BLUE" /><Attribute name="SIZE" value="SMALL" /><Attribute name="TAG" value="SQUARE" /><Attribute name="TYPE" value="CUBE" /><Attribute name="XPOS" value="1" /><Attribute name="YPOS" value="0" /></Object><Object file="Type_Torus_Tag_Circle_Colour_Light-green_Size_Medium.png" id="ae211b9d-cd57-452f-9ad9-5b9134cd2d92" target="False"><Attribute name="COLOUR" value="LIGHT-GREEN" /><Attribute name="SIZE" value="MEDIUM" /><Attribute name="TAG" value="CIRCLE" /><Attribute name="TYPE" value="TORUS" /><Attribute name="XPOS" value="2" /><Attribute name="YPOS" value="1" /></Object><Object file="Type_Torus_Tag_Square_Colour_Light-green_Size_Small.png" id="bc4977fa-0871-4b1a-b349-97b4498a4f3b" target="True"><Attribute name="COLOUR" value="LIGHT-GREEN" /><Attribute name="SIZE" value="SMALL" /><Attribute name="TAG" value="SQUARE" /><Attribute name="TYPE" value="TORUS" /><Attribute name="XPOS" value="2" /><Attribute name="YPOS" value="0" /></Object></Objects><Attribute_assessment><Assessed_attribute name="COLOUR" value="LIGHT-GREEN" /><Assessed_attribute name="SIZE" value="SMALL" /><Assessed_attribute name="TAG" value="SQUARE" /><Assessed_attribute name="TYPE1" value="DONUT" /><Assessed_attribute name="TYPE2" value="RING" /><Assessed_attribute name="TYPE3" value="TORUS" /><Assessed_attribute name="XPOS" value="THE FIRST FROM RIGHT" /><Assessed_attribute name="YPOS" value="ON THE LOWER SHELVE" /></Attribute_assessment><Production_RE><RE_Attribute id="1" name="COLOUR" value="LIGHT-GREEN" /><RE_Attribute id="2" name="TYPE1" value="DONUT" /></Production_RE></Session>