<Priors><Attributes><set name="COLOUR"><attribute name="BLACK">100</attribute><attribute name="BLUE">100</attribute><attribute name="BROWN">100</attribute><attribute name="DARK-BLUE">100</attribute><attribute name="DARK-GREEN">100</attribute><attribute name="DARK-RED">100</attribute><attribute name="GREEN">100</attribute><attribute name="GREY">100</attribute><attribute name="LIGHT-BLUE">100</attribute><attribute name="LIGHT-GREEN">100</attribute><attribute name="LIGHT-RED">100</attribute><attribute name="RED">99</attribute></set><set name="NAMETAG"><attribute name="CIRCLE">17</attribute><attribute name="SQUARE">15</attribute></set><set name="SIZE"><attribute name="0.25">100</attribute><attribute name="0.5">99</attribute><attribute name="0.75">100</attribute><attribute name="1">100</attribute></set><set name="TYPE"><attribute name="CONE">100</attribute><attribute name="CUBE">100</attribute><attribute name="CYLINDER">100</attribute><attribute name="SPHERE">100</attribute><attribute name="TORUS">100</attribute></set><set name="COLOURMAP"><attribute name="0">50</attribute><attribute name="1">80</attribute><attribute name="2">74</attribute><attribute name="3">50</attribute><attribute name="4">35</attribute><attribute name="5">20</attribute><attribute name="6">7</attribute></set></Attributes><Participant_id>5b2a9bd534ffd00001b4c1c7</Participant_id></Priors>