<Priors><Attributes><set name="COLOUR"><attribute name="BLACK">100</attribute><attribute name="BLUE">73</attribute><attribute name="BROWN">65</attribute><attribute name="DARK-BLUE">100</attribute><attribute name="DARK-GREEN">100</attribute><attribute name="DARK-RED">75</attribute><attribute name="GREEN">33</attribute><attribute name="GREY">79</attribute><attribute name="LIGHT-BLUE">44</attribute><attribute name="LIGHT-GREEN">49</attribute><attribute name="LIGHT-RED">5</attribute><attribute name="RED">42</attribute></set><set name="NAMETAG"><attribute name="CIRCLE">0</attribute><attribute name="SQUARE">100</attribute></set><set name="SIZE"><attribute name="0.25">0</attribute><attribute name="0.5">22</attribute><attribute name="0.75">64</attribute><attribute name="1">100</attribute></set><set name="TYPE"><attribute name="CONE">28</attribute><attribute name="CUBE">87</attribute><attribute name="CYLINDER">71</attribute><attribute name="SPHERE">13</attribute><attribute name="TORUS">27</attribute></set><set name="COLOURMAP"><attribute name="0">95</attribute><attribute name="1">63</attribute><attribute name="2">55</attribute><attribute name="3">41</attribute><attribute name="4">25</attribute><attribute name="5">8</attribute><attribute name="6">0</attribute></set></Attributes><Participant_id>5b4133cd9c2ec600014f2487</Participant_id></Priors>