<Priors><Attributes><set name="COLOUR"><attribute name="BLACK">56</attribute><attribute name="BLUE">66</attribute><attribute name="BROWN">7</attribute><attribute name="DARK-BLUE">76</attribute><attribute name="DARK-GREEN">64</attribute><attribute name="DARK-RED">62</attribute><attribute name="GREEN">14</attribute><attribute name="GREY">2</attribute><attribute name="LIGHT-BLUE">35</attribute><attribute name="LIGHT-GREEN">44</attribute><attribute name="LIGHT-RED">61</attribute><attribute name="RED">50</attribute></set><set name="NAMETAG"><attribute name="CIRCLE">38</attribute><attribute name="SQUARE">66</attribute></set><set name="SIZE"><attribute name="0.25">50</attribute><attribute name="0.5">90</attribute><attribute name="0.75">76</attribute><attribute name="1">57</attribute></set><set name="TYPE"><attribute name="CONE">56</attribute><attribute name="CUBE">23</attribute><attribute name="CYLINDER">63</attribute><attribute name="SPHERE">76</attribute><attribute name="TORUS">100</attribute></set><set name="COLOURMAP"><attribute name="0">50</attribute><attribute name="1">63</attribute><attribute name="2">41</attribute><attribute name="3">58</attribute><attribute name="4">37</attribute><attribute name="5">57</attribute><attribute name="6">35</attribute></set></Attributes><Participant_id>5b463f3a81d0a500018354c0</Participant_id></Priors>