<Session><Session_id>14</Session_id><Participant_id>5b6c3f7111503f00015849d6</Participant_id><Set_size>7</Set_size><session_configuration>random</session_configuration><Objects><Object file="Type_Cube_Tag_Square_Colour_Dark-red_Size_Large.png" id="f262f1be-69c1-40d4-b261-dfa5799eca34" target="False"><Attribute name="COLOUR" value="DARK-RED" /><Attribute name="SIZE" value="LARGE" /><Attribute name="TAG" value="SQUARE" /><Attribute name="TYPE" value="CUBE" /><Attribute name="XPOS" value="0" /><Attribute name="YPOS" value="0" /></Object><Object file="Type_Sphere_Tag_Circle_Colour_Light-green_Size_Medium.png" id="b9459721-5e2e-46f6-887f-1dcd07098ac0" target="False"><Attribute name="COLOUR" value="LIGHT-GREEN" /><Attribute name="SIZE" value="MEDIUM" /><Attribute name="TAG" value="CIRCLE" /><Attribute name="TYPE" value="SPHERE" /><Attribute name="XPOS" value="1" /><Attribute name="YPOS" value="0" /></Object><Object file="Type_Cube_Tag_Square_Colour_Brown_Size_Medium.png" id="bf0364dc-4bbe-4fd8-adaf-0f78aef6cb99" target="False"><Attribute name="COLOUR" value="BROWN" /><Attribute name="SIZE" value="MEDIUM" /><Attribute name="TAG" value="SQUARE" /><Attribute name="TYPE" value="CUBE" /><Attribute name="XPOS" value="2" /><Attribute name="YPOS" value="0" /></Object><Object file="Type_Torus_Tag_Circle_Colour_Dark-green_Size_Medium.png" id="e203603b-d88c-495d-91f9-3bf8c3d08d6f" target="False"><Attribute name="COLOUR" value="DARK-GREEN" /><Attribute name="SIZE" value="MEDIUM" /><Attribute name="TAG" value="CIRCLE" /><Attribute name="TYPE" value="TORUS" /><Attribute name="XPOS" value="3" /><Attribute name="YPOS" value="0" /></Object><Object file="Type_Torus_Tag_Square_Colour_Dark-blue_Size_Large.png" id="dd68b7e6-dc79-4c73-b19b-8813a1f3254f" target="False"><Attribute name="COLOUR" value="DARK-BLUE" /><Attribute name="SIZE" value="LARGE" /><Attribute name="TAG" value="SQUARE" /><Attribute name="TYPE" value="TORUS" /><Attribute name="XPOS" value="0" /><Attribute name="YPOS" value="1" /></Object><Object file="Type_Cube_Tag_Square_Colour_Light-blue_Size_Small.png" id="1cb71176-5311-4490-88ff-3c8c34506908" target="False"><Attribute name="COLOUR" value="LIGHT-BLUE" /><Attribute name="SIZE" value="SMALL" /><Attribute name="TAG" value="SQUARE" /><Attribute name="TYPE" value="CUBE" /><Attribute name="XPOS" value="1" /><Attribute name="YPOS" value="1" /></Object><Object file="Type_Torus_Tag_Circle_Colour_Grey_Size_Small.png" id="de188e5b-e941-43cc-8355-59898c1a7031" target="True"><Attribute name="COLOUR" value="GREY" /><Attribute name="SIZE" value="SMALL" /><Attribute name="TAG" value="CIRCLE" /><Attribute name="TYPE" value="TORUS" /><Attribute name="XPOS" value="2" /><Attribute name="YPOS" value="1" /></Object></Objects><Attribute_assessment><Assessed_attribute name="COLOUR" value="GREY" /><Assessed_attribute name="SIZE" value="SMALL" /><Assessed_attribute name="TAG" value="CIRCLE" /><Assessed_attribute name="TYPE1" value="DONUT" /><Assessed_attribute name="TYPE2" value="RING" /><Assessed_attribute name="TYPE3" value="TORUS" /><Assessed_attribute name="XPOS" value="THE FIRST FROM RIGHT" /><Assessed_attribute name="YPOS" value="ON THE UPPER SHELVE" /></Attribute_assessment><Production_RE><RE_Attribute id="1" name="TYPE1" value="DONUT" /><RE_Attribute id="2" name="YPOS" value="ON THE UPPER SHELVE" /><RE_Attribute id="3" name="COLOUR" value="GREY" /></Production_RE></Session>