<Session><Session_id>18</Session_id><Participant_id>5b6c3f7111503f00015849d6</Participant_id><Set_size>3</Set_size><session_configuration>random</session_configuration><Objects><Object file="Type_Sphere_Tag_Circle_Colour_Light-blue_Size_Small.png" id="fb9fa50d-71e8-4354-a04a-a6f853f6982d" target="False"><Attribute name="COLOUR" value="LIGHT-BLUE" /><Attribute name="SIZE" value="SMALL" /><Attribute name="TAG" value="CIRCLE" /><Attribute name="TYPE" value="SPHERE" /><Attribute name="XPOS" value="0" /><Attribute name="YPOS" value="0" /></Object><Object file="Type_Cone_Tag_Circle_Colour_Dark-green_Size_Large.png" id="8b21d30c-d38e-44dd-ac06-399d1504fb24" target="True"><Attribute name="COLOUR" value="DARK-GREEN" /><Attribute name="SIZE" value="LARGE" /><Attribute name="TAG" value="CIRCLE" /><Attribute name="TYPE" value="CONE" /><Attribute name="XPOS" value="1" /><Attribute name="YPOS" value="0" /></Object><Object file="Type_Cone_Tag_Circle_Colour_Green_Size_Medium.png" id="c042715a-e8df-49c1-ad5c-718f38a7f381" target="False"><Attribute name="COLOUR" value="GREEN" /><Attribute name="SIZE" value="MEDIUM" /><Attribute name="TAG" value="CIRCLE" /><Attribute name="TYPE" value="CONE" /><Attribute name="XPOS" value="0" /><Attribute name="YPOS" value="1" /></Object></Objects><Attribute_assessment><Assessed_attribute name="COLOUR" value="DARK-GREEN" /><Assessed_attribute name="SIZE" value="LARGE" /><Assessed_attribute name="TAG" value="CIRCLE" /><Assessed_attribute name="TYPE1" value="CONE" /><Assessed_attribute name="TYPE2" value="HAT" /><Assessed_attribute name="TYPE3" value="CAP" /><Assessed_attribute name="XPOS" value="THE FIRST FROM RIGHT" /><Assessed_attribute name="YPOS" value="ON THE LOWER SHELVE" /></Attribute_assessment><Production_RE><RE_Attribute id="1" name="TYPE1" value="CONE" /><RE_Attribute id="2" name="YPOS" value="ON THE LOWER SHELVE" /></Production_RE></Session>