<Priors><Attributes><set name="COLOUR"><attribute name="BLACK">1</attribute><attribute name="BLUE">93</attribute><attribute name="BROWN">55</attribute><attribute name="DARK-BLUE">31</attribute><attribute name="DARK-GREEN">75</attribute><attribute name="DARK-RED">97</attribute><attribute name="GREEN">96</attribute><attribute name="GREY">8</attribute><attribute name="LIGHT-BLUE">65</attribute><attribute name="LIGHT-GREEN">64</attribute><attribute name="LIGHT-RED">63</attribute><attribute name="RED">92</attribute></set><set name="NAMETAG"><attribute name="CIRCLE">45</attribute><attribute name="SQUARE">66</attribute></set><set name="SIZE"><attribute name="0.25">25</attribute><attribute name="0.5">50</attribute><attribute name="0.75">75</attribute><attribute name="1">97</attribute></set><set name="TYPE"><attribute name="CONE">79</attribute><attribute name="CUBE">27</attribute><attribute name="CYLINDER">61</attribute><attribute name="SPHERE">100</attribute><attribute name="TORUS">80</attribute></set><set name="COLOURMAP"><attribute name="0">9</attribute><attribute name="1">62</attribute><attribute name="2">66</attribute><attribute name="3">81</attribute><attribute name="4">75</attribute><attribute name="5">71</attribute><attribute name="6">79</attribute></set></Attributes><Participant_id>5b6c3f7111503f00015849d6</Participant_id></Priors>