<Session><Session_id>19</Session_id><Participant_id>5b6c3f7111503f00015849d6</Participant_id><Set_size>7</Set_size><session_configuration>random</session_configuration><Objects><Object file="Type_Cylinder_Tag_Circle_Colour_Light-green_Size_Large.png" id="2b3b963c-6b48-4b51-8b48-8e1c3cfc73ec" target="False"><Attribute name="COLOUR" value="LIGHT-GREEN" /><Attribute name="SIZE" value="LARGE" /><Attribute name="TAG" value="CIRCLE" /><Attribute name="TYPE" value="CYLINDER" /><Attribute name="XPOS" value="0" /><Attribute name="YPOS" value="0" /></Object><Object file="Type_Cube_Tag_Square_Colour_Blue_Size_Large.png" id="8e1397f9-5da9-4ca0-b68b-2976bb447ad9" target="False"><Attribute name="COLOUR" value="BLUE" /><Attribute name="SIZE" value="LARGE" /><Attribute name="TAG" value="SQUARE" /><Attribute name="TYPE" value="CUBE" /><Attribute name="XPOS" value="1" /><Attribute name="YPOS" value="0" /></Object><Object file="Type_Cone_Tag_Square_Colour_Dark-red_Size_Small.png" id="e012875a-0e79-4543-b242-57cd112489cb" target="False"><Attribute name="COLOUR" value="DARK-RED" /><Attribute name="SIZE" value="SMALL" /><Attribute name="TAG" value="SQUARE" /><Attribute name="TYPE" value="CONE" /><Attribute name="XPOS" value="2" /><Attribute name="YPOS" value="0" /></Object><Object file="Type_Sphere_Tag_Circle_Colour_Red_Size_Large.png" id="299efee2-bbca-4844-9148-a9aeca2e5ace" target="False"><Attribute name="COLOUR" value="RED" /><Attribute name="SIZE" value="LARGE" /><Attribute name="TAG" value="CIRCLE" /><Attribute name="TYPE" value="SPHERE" /><Attribute name="XPOS" value="3" /><Attribute name="YPOS" value="0" /></Object><Object file="Type_Cylinder_Tag_Circle_Colour_Dark-green_Size_Large.png" id="e4167e9e-bc07-4d5c-b976-4284e004992f" target="False"><Attribute name="COLOUR" value="DARK-GREEN" /><Attribute name="SIZE" value="LARGE" /><Attribute name="TAG" value="CIRCLE" /><Attribute name="TYPE" value="CYLINDER" /><Attribute name="XPOS" value="0" /><Attribute name="YPOS" value="1" /></Object><Object file="Type_Cylinder_Tag_Circle_Colour_Brown_Size_Medium.png" id="fcd6370e-a02a-47c7-b55b-db32266c9f28" target="False"><Attribute name="COLOUR" value="BROWN" /><Attribute name="SIZE" value="MEDIUM" /><Attribute name="TAG" value="CIRCLE" /><Attribute name="TYPE" value="CYLINDER" /><Attribute name="XPOS" value="1" /><Attribute name="YPOS" value="1" /></Object><Object file="Type_Cone_Tag_Square_Colour_Black_Size_Medium.png" id="4b0303de-5498-4396-b5bc-e987a0fcb3a8" target="True"><Attribute name="COLOUR" value="BLACK" /><Attribute name="SIZE" value="MEDIUM" /><Attribute name="TAG" value="SQUARE" /><Attribute name="TYPE" value="CONE" /><Attribute name="XPOS" value="2" /><Attribute name="YPOS" value="1" /></Object></Objects><Attribute_assessment><Assessed_attribute name="COLOUR" value="BLACK" /><Assessed_attribute name="SIZE" value="MEDIUM" /><Assessed_attribute name="TAG" value="SQUARE" /><Assessed_attribute name="TYPE1" value="CONE" /><Assessed_attribute name="TYPE2" value="HAT" /><Assessed_attribute name="TYPE3" value="CAP" /><Assessed_attribute name="XPOS" value="THE FIRST FROM RIGHT" /><Assessed_attribute name="YPOS" value="ON THE UPPER SHELVE" /></Attribute_assessment><Production_RE><RE_Attribute id="1" name="YPOS" value="ON THE UPPER SHELVE" /><RE_Attribute id="2" name="TYPE1" value="CONE" /></Production_RE></Session>