<Session><Session_id>7</Session_id><Participant_id>5b6c3f7111503f00015849d6</Participant_id><Set_size>6</Set_size><session_configuration>fixed</session_configuration><Objects><Object file="Type_Sphere_Tag_Square_Colour_Blue_Size_Medium.png" id="0c3edcd8-8865-4b0f-8a93-5ba7108ac7c3" target="False"><Attribute name="COLOUR" value="BLUE" /><Attribute name="SIZE" value="MEDIUM" /><Attribute name="TAG" value="SQUARE" /><Attribute name="TYPE" value="SPHERE" /><Attribute name="XPOS" value="0" /><Attribute name="YPOS" value="0" /></Object><Object file="Type_Sphere_Tag_Circle_Colour_Dark-blue_Size_Small.png" id="6d6d401a-3198-4632-b4c4-446304958a82" target="False"><Attribute name="COLOUR" value="DARK-BLUE" /><Attribute name="SIZE" value="SMALL" /><Attribute name="TAG" value="CIRCLE" /><Attribute name="TYPE" value="SPHERE" /><Attribute name="XPOS" value="0" /><Attribute name="YPOS" value="1" /></Object><Object file="Type_Torus_Tag_Circle_Colour_Dark-red_Size_Large.png" id="186c3c18-938f-4209-9219-e28ef1e0407e" target="False"><Attribute name="COLOUR" value="DARK-RED" /><Attribute name="SIZE" value="LARGE" /><Attribute name="TAG" value="CIRCLE" /><Attribute name="TYPE" value="TORUS" /><Attribute name="XPOS" value="1" /><Attribute name="YPOS" value="1" /></Object><Object file="Type_Cube_Tag_Square_Colour_Light-blue_Size_Small.png" id="64fbfc6c-e514-47e8-a922-d66780a76634" target="False"><Attribute name="COLOUR" value="LIGHT-BLUE" /><Attribute name="SIZE" value="SMALL" /><Attribute name="TAG" value="SQUARE" /><Attribute name="TYPE" value="CUBE" /><Attribute name="XPOS" value="1" /><Attribute name="YPOS" value="0" /></Object><Object file="Type_Torus_Tag_Circle_Colour_Light-green_Size_Medium.png" id="4c49c706-5af1-4e9b-b29b-8cd585b26168" target="False"><Attribute name="COLOUR" value="LIGHT-GREEN" /><Attribute name="SIZE" value="MEDIUM" /><Attribute name="TAG" value="CIRCLE" /><Attribute name="TYPE" value="TORUS" /><Attribute name="XPOS" value="2" /><Attribute name="YPOS" value="1" /></Object><Object file="Type_Torus_Tag_Square_Colour_Light-green_Size_Small.png" id="aa8bfddc-762b-43f7-814d-ef86a426db71" target="True"><Attribute name="COLOUR" value="LIGHT-GREEN" /><Attribute name="SIZE" value="SMALL" /><Attribute name="TAG" value="SQUARE" /><Attribute name="TYPE" value="TORUS" /><Attribute name="XPOS" value="2" /><Attribute name="YPOS" value="0" /></Object></Objects><Attribute_assessment><Assessed_attribute name="COLOUR" value="LIGHT-GREEN" /><Assessed_attribute name="SIZE" value="SMALL" /><Assessed_attribute name="TAG" value="SQUARE" /><Assessed_attribute name="TYPE1" value="DONUT" /><Assessed_attribute name="TYPE2" value="RING" /><Assessed_attribute name="TYPE3" value="TORUS" /><Assessed_attribute name="XPOS" value="THE FIRST FROM RIGHT" /><Assessed_attribute name="YPOS" value="ON THE LOWER SHELVE" /></Attribute_assessment><Production_RE><RE_Attribute id="1" name="TYPE1" value="DONUT" /><RE_Attribute id="2" name="YPOS" value="ON THE LOWER SHELVE" /></Production_RE></Session>