<Session><Session_id>22</Session_id><Participant_id>5b7b3518b0ef5b0001ba7a74</Participant_id><Set_size>9</Set_size><session_configuration>random</session_configuration><Objects><Object file="Type_Torus_Tag_Circle_Colour_Dark-green_Size_Small.png" id="71b4da15-2100-4d5a-a87d-c86e78960710" target="False"><Attribute name="COLOUR" value="DARK-GREEN" /><Attribute name="SIZE" value="SMALL" /><Attribute name="TAG" value="CIRCLE" /><Attribute name="TYPE" value="TORUS" /><Attribute name="XPOS" value="0" /><Attribute name="YPOS" value="0" /></Object><Object file="Type_Torus_Tag_Square_Colour_Grey_Size_Medium.png" id="1f8a9319-f759-4091-a459-9f2d740a8f0a" target="True"><Attribute name="COLOUR" value="GREY" /><Attribute name="SIZE" value="MEDIUM" /><Attribute name="TAG" value="SQUARE" /><Attribute name="TYPE" value="TORUS" /><Attribute name="XPOS" value="1" /><Attribute name="YPOS" value="0" /></Object><Object file="Type_Cylinder_Tag_Circle_Colour_Dark-blue_Size_Small.png" id="96f7dd1b-2e7d-45b0-9e55-08c5165e79e1" target="False"><Attribute name="COLOUR" value="DARK-BLUE" /><Attribute name="SIZE" value="SMALL" /><Attribute name="TAG" value="CIRCLE" /><Attribute name="TYPE" value="CYLINDER" /><Attribute name="XPOS" value="2" /><Attribute name="YPOS" value="0" /></Object><Object file="Type_Torus_Tag_Circle_Colour_Brown_Size_Medium.png" id="0ec4dc61-9cb7-485e-9900-79f7080e779f" target="False"><Attribute name="COLOUR" value="BROWN" /><Attribute name="SIZE" value="MEDIUM" /><Attribute name="TAG" value="CIRCLE" /><Attribute name="TYPE" value="TORUS" /><Attribute name="XPOS" value="3" /><Attribute name="YPOS" value="0" /></Object><Object file="Type_Torus_Tag_Circle_Colour_Red_Size_Small.png" id="ec56d475-e5ce-46ff-bf91-3d43112e61c8" target="False"><Attribute name="COLOUR" value="RED" /><Attribute name="SIZE" value="SMALL" /><Attribute name="TAG" value="CIRCLE" /><Attribute name="TYPE" value="TORUS" /><Attribute name="XPOS" value="0" /><Attribute name="YPOS" value="1" /></Object><Object file="Type_Cylinder_Tag_Square_Colour_Black_Size_Medium.png" id="0c7d3051-fdae-4b5b-9423-12c7833fc484" target="False"><Attribute name="COLOUR" value="BLACK" /><Attribute name="SIZE" value="MEDIUM" /><Attribute name="TAG" value="SQUARE" /><Attribute name="TYPE" value="CYLINDER" /><Attribute name="XPOS" value="1" /><Attribute name="YPOS" value="1" /></Object><Object file="Type_Sphere_Tag_Circle_Colour_Dark-green_Size_Large.png" id="5b9e011c-ba0b-4c46-8eec-46880674aba3" target="False"><Attribute name="COLOUR" value="DARK-GREEN" /><Attribute name="SIZE" value="LARGE" /><Attribute name="TAG" value="CIRCLE" /><Attribute name="TYPE" value="SPHERE" /><Attribute name="XPOS" value="2" /><Attribute name="YPOS" value="1" /></Object><Object file="Type_Sphere_Tag_Square_Colour_Brown_Size_Small.png" id="1ce4d023-9c2a-470a-882a-33ec53ad4e56" target="False"><Attribute name="COLOUR" value="BROWN" /><Attribute name="SIZE" value="SMALL" /><Attribute name="TAG" value="SQUARE" /><Attribute name="TYPE" value="SPHERE" /><Attribute name="XPOS" value="3" /><Attribute name="YPOS" value="1" /></Object><Object file="Type_Cone_Tag_Square_Colour_Grey_Size_Medium.png" id="3b88d97e-fd60-4fb3-9d3f-4704b5c88bb6" target="False"><Attribute name="COLOUR" value="GREY" /><Attribute name="SIZE" value="MEDIUM" /><Attribute name="TAG" value="SQUARE" /><Attribute name="TYPE" value="CONE" /><Attribute name="XPOS" value="4" /><Attribute name="YPOS" value="1" /></Object></Objects><Attribute_assessment><Assessed_attribute name="COLOUR" value="GREY" /><Assessed_attribute name="SIZE" value="MEDIUM" /><Assessed_attribute name="TAG" value="SQUARE" /><Assessed_attribute name="TYPE1" value="DONUT" /><Assessed_attribute name="TYPE2" value="RING" /><Assessed_attribute name="TYPE3" value="TORUS" /><Assessed_attribute name="XPOS" value="THE SECOND FROM LEFT" /><Assessed_attribute name="YPOS" value="ON THE LOWER SHELVE" /></Attribute_assessment><Production_RE><RE_Attribute id="1" name="COLOUR" value="GREY" /><RE_Attribute id="2" name="TYPE1" value="DONUT" /><RE_Attribute id="3" name="YPOS" value="ON THE LOWER SHELVE" /></Production_RE></Session>