<Priors><Attributes><set name="COLOUR"><attribute name="BLACK">12</attribute><attribute name="BLUE">82</attribute><attribute name="BROWN">56</attribute><attribute name="DARK-BLUE">25</attribute><attribute name="DARK-GREEN">17</attribute><attribute name="DARK-RED">35</attribute><attribute name="GREEN">55</attribute><attribute name="GREY">0</attribute><attribute name="LIGHT-BLUE">72</attribute><attribute name="LIGHT-GREEN">46</attribute><attribute name="LIGHT-RED">58</attribute><attribute name="RED">100</attribute></set><set name="NAMETAG"><attribute name="CIRCLE">18</attribute><attribute name="SQUARE">74</attribute></set><set name="SIZE"><attribute name="0.25">4</attribute><attribute name="0.5">28</attribute><attribute name="0.75">58</attribute><attribute name="1">78</attribute></set><set name="TYPE"><attribute name="CONE">60</attribute><attribute name="CUBE">21</attribute><attribute name="CYLINDER">60</attribute><attribute name="SPHERE">84</attribute><attribute name="TORUS">73</attribute></set><set name="COLOURMAP"><attribute name="0">34</attribute><attribute name="1">55</attribute><attribute name="2">80</attribute><attribute name="3">75</attribute><attribute name="4">48</attribute><attribute name="5">34</attribute><attribute name="6">48</attribute></set></Attributes><Participant_id>5b7b3518b0ef5b0001ba7a74</Participant_id></Priors>