<Session><Session_id>5</Session_id><Participant_id>5b7b3518b0ef5b0001ba7a74</Participant_id><Set_size>4</Set_size><session_configuration>fixed</session_configuration><Objects><Object file="Type_Sphere_Tag_Circle_Colour_Light-blue_Size_Small.png" id="9c9450fe-99f6-46d8-8d92-1f1f5a018989" target="True"><Attribute name="COLOUR" value="LIGHT-BLUE" /><Attribute name="SIZE" value="SMALL" /><Attribute name="TAG" value="CIRCLE" /><Attribute name="TYPE" value="SPHERE" /><Attribute name="XPOS" value="0" /><Attribute name="YPOS" value="0" /></Object><Object file="Type_Sphere_Tag_Square_Colour_Light-blue_Size_Medium.png" id="24e44000-c53c-444f-af4d-9c930485a195" target="False"><Attribute name="COLOUR" value="LIGHT-BLUE" /><Attribute name="SIZE" value="MEDIUM" /><Attribute name="TAG" value="SQUARE" /><Attribute name="TYPE" value="SPHERE" /><Attribute name="XPOS" value="0" /><Attribute name="YPOS" value="1" /></Object><Object file="Type_Cube_Tag_Square_Colour_Blue_Size_Large.png" id="de888758-eef4-4b11-bb07-faa0d240f330" target="False"><Attribute name="COLOUR" value="BLUE" /><Attribute name="SIZE" value="LARGE" /><Attribute name="TAG" value="SQUARE" /><Attribute name="TYPE" value="CUBE" /><Attribute name="XPOS" value="1" /><Attribute name="YPOS" value="1" /></Object><Object file="Type_Sphere_Tag_Square_Colour_Dark-blue_Size_Medium.png" id="b8607f1e-d6de-41d7-802e-a12074a2d7c1" target="False"><Attribute name="COLOUR" value="DARK-BLUE" /><Attribute name="SIZE" value="MEDIUM" /><Attribute name="TAG" value="SQUARE" /><Attribute name="TYPE" value="SPHERE" /><Attribute name="XPOS" value="1" /><Attribute name="YPOS" value="0" /></Object></Objects><Attribute_assessment><Assessed_attribute name="COLOUR" value="LIGHT-BLUE" /><Assessed_attribute name="SIZE" value="SMALL" /><Assessed_attribute name="TAG" value="CIRCLE" /><Assessed_attribute name="TYPE1" value="SPHERE" /><Assessed_attribute name="TYPE2" value="BALL" /><Assessed_attribute name="XPOS" value="THE FIRST FROM LEFT" /><Assessed_attribute name="YPOS" value="ON THE LOWER SHELVE" /></Attribute_assessment><Production_RE><RE_Attribute id="1" name="SIZE" value="SMALL" /><RE_Attribute id="2" name="COLOUR" value="LIGHT-BLUE" /><RE_Attribute id="3" name="TYPE1" value="SPHERE" /><RE_Attribute id="4" name="XPOS" value="THE FIRST FROM LEFT" /><RE_Attribute id="5" name="YPOS" value="ON THE LOWER SHELVE" /></Production_RE></Session>