<Session><Session_id>24</Session_id><Participant_id>5b7b3518b0ef5b0001ba7a74</Participant_id><Set_size>4</Set_size><session_configuration>random</session_configuration><Objects><Object file="Type_Cube_Tag_Square_Colour_Light-green_Size_Large.png" id="07f56fcf-7067-4720-a42b-96056fe50b3a" target="True"><Attribute name="COLOUR" value="LIGHT-GREEN" /><Attribute name="SIZE" value="LARGE" /><Attribute name="TAG" value="SQUARE" /><Attribute name="TYPE" value="CUBE" /><Attribute name="XPOS" value="0" /><Attribute name="YPOS" value="0" /></Object><Object file="Type_Sphere_Tag_Square_Colour_Brown_Size_Small.png" id="aea3b225-f64e-45ab-992f-0d7255ab8376" target="False"><Attribute name="COLOUR" value="BROWN" /><Attribute name="SIZE" value="SMALL" /><Attribute name="TAG" value="SQUARE" /><Attribute name="TYPE" value="SPHERE" /><Attribute name="XPOS" value="1" /><Attribute name="YPOS" value="0" /></Object><Object file="Type_Sphere_Tag_Square_Colour_Black_Size_Medium.png" id="5c969ad0-b705-4922-8480-adb84adacb88" target="False"><Attribute name="COLOUR" value="BLACK" /><Attribute name="SIZE" value="MEDIUM" /><Attribute name="TAG" value="SQUARE" /><Attribute name="TYPE" value="SPHERE" /><Attribute name="XPOS" value="0" /><Attribute name="YPOS" value="1" /></Object><Object file="Type_Cone_Tag_Square_Colour_Brown_Size_Large.png" id="5bde5f96-6cb7-4d4e-a669-913e92be5a3f" target="False"><Attribute name="COLOUR" value="BROWN" /><Attribute name="SIZE" value="LARGE" /><Attribute name="TAG" value="SQUARE" /><Attribute name="TYPE" value="CONE" /><Attribute name="XPOS" value="1" /><Attribute name="YPOS" value="1" /></Object></Objects><Attribute_assessment><Assessed_attribute name="COLOUR1" value="LIGHT-GREEN" /><Assessed_attribute name="COLOUR2" value="GREEN" /><Assessed_attribute name="SIZE" value="LARGE" /><Assessed_attribute name="TAG" value="SQUARE" /><Assessed_attribute name="TYPE1" value="DICE" /><Assessed_attribute name="TYPE2" value="CUBE" /><Assessed_attribute name="XPOS" value="THE FIRST FROM LEFT" /><Assessed_attribute name="YPOS" value="ON THE LOWER SHELVE" /></Attribute_assessment><Production_RE><RE_Attribute id="1" name="SIZE" value="LARGE" /><RE_Attribute id="2" name="COLOUR1" value="LIGHT-GREEN" /><RE_Attribute id="3" name="TYPE2" value="CUBE" /><Spatial_Relation expression=" below " related="5c969ad0-b705-4922-8480-adb84adacb88"><Spatial_Attribute id="11" name="COLOUR" value="BLACK" /><Spatial_Attribute id="12" name="TYPE1" value="SPHERE" /></Spatial_Relation></Production_RE><Spatial_attribute_assessment><Assessed_spatial_attribute name="COLOUR" value="BLACK" /><Assessed_spatial_attribute name="SIZE" value="MEDIUM" /><Assessed_spatial_attribute name="TAG" value="SQUARE" /><Assessed_spatial_attribute name="TYPE1" value="SPHERE" /><Assessed_spatial_attribute name="TYPE2" value="BALL" /><Assessed_spatial_attribute name="XPOS" value="THE FIRST FROM LEFT" /><Assessed_spatial_attribute name="YPOS" value="ON THE UPPER SHELVE" /></Spatial_attribute_assessment></Session>