<Session><Session_id>16</Session_id><Participant_id>5ba16051e671c60001231c4f</Participant_id><Set_size>6</Set_size><session_configuration>random</session_configuration><Objects><Object file="Type_Cylinder_Tag_Square_Colour_Light-red_Size_Small.png" id="316a138c-0386-4906-a26e-450fb9f029ef" target="False"><Attribute name="COLOUR" value="LIGHT-RED" /><Attribute name="SIZE" value="SMALL" /><Attribute name="TAG" value="SQUARE" /><Attribute name="TYPE" value="CYLINDER" /><Attribute name="XPOS" value="0" /><Attribute name="YPOS" value="0" /></Object><Object file="Type_Cylinder_Tag_Square_Colour_Light-green_Size_Medium.png" id="519ca594-caff-40dd-bd20-290cf2b5d588" target="False"><Attribute name="COLOUR" value="LIGHT-GREEN" /><Attribute name="SIZE" value="MEDIUM" /><Attribute name="TAG" value="SQUARE" /><Attribute name="TYPE" value="CYLINDER" /><Attribute name="XPOS" value="1" /><Attribute name="YPOS" value="0" /></Object><Object file="Type_Cylinder_Tag_Circle_Colour_Light-blue_Size_Large.png" id="02204a75-c8e4-4aec-8435-359adfba58f8" target="False"><Attribute name="COLOUR" value="LIGHT-BLUE" /><Attribute name="SIZE" value="LARGE" /><Attribute name="TAG" value="CIRCLE" /><Attribute name="TYPE" value="CYLINDER" /><Attribute name="XPOS" value="2" /><Attribute name="YPOS" value="0" /></Object><Object file="Type_Cone_Tag_Square_Colour_Brown_Size_Large.png" id="137c20e7-b243-4665-93db-4d543c5df2f3" target="False"><Attribute name="COLOUR" value="BROWN" /><Attribute name="SIZE" value="LARGE" /><Attribute name="TAG" value="SQUARE" /><Attribute name="TYPE" value="CONE" /><Attribute name="XPOS" value="0" /><Attribute name="YPOS" value="1" /></Object><Object file="Type_Cylinder_Tag_Square_Colour_Black_Size_Large.png" id="b3db23f8-4cce-42d4-ac47-4d112ccf2236" target="False"><Attribute name="COLOUR" value="BLACK" /><Attribute name="SIZE" value="LARGE" /><Attribute name="TAG" value="SQUARE" /><Attribute name="TYPE" value="CYLINDER" /><Attribute name="XPOS" value="1" /><Attribute name="YPOS" value="1" /></Object><Object file="Type_Cube_Tag_Circle_Colour_Dark-blue_Size_Medium.png" id="0d303a7e-39e9-4b38-8537-8f06b1808f6c" target="True"><Attribute name="COLOUR" value="DARK-BLUE" /><Attribute name="SIZE" value="MEDIUM" /><Attribute name="TAG" value="CIRCLE" /><Attribute name="TYPE" value="CUBE" /><Attribute name="XPOS" value="2" /><Attribute name="YPOS" value="1" /></Object></Objects><Attribute_assessment><Assessed_attribute name="COLOUR" value="DARK-BLUE" /><Assessed_attribute name="SIZE" value="MEDIUM" /><Assessed_attribute name="TAG" value="CIRCLE" /><Assessed_attribute name="TYPE1" value="DICE" /><Assessed_attribute name="TYPE2" value="CUBE" /><Assessed_attribute name="XPOS" value="THE FIRST FROM RIGHT" /><Assessed_attribute name="YPOS" value="ON THE UPPER SHELVE" /></Attribute_assessment><Production_RE><RE_Attribute id="1" name="TYPE2" value="CUBE" /></Production_RE></Session>