<Session><Session_id>5</Session_id><Participant_id>5ba8df708450f10001a2d151</Participant_id><Set_size>4</Set_size><session_configuration>fixed</session_configuration><Objects><Object file="Type_Sphere_Tag_Circle_Colour_Light-blue_Size_Small.png" id="8d7f3489-4d38-4b19-9738-7d717e85446d" target="True"><Attribute name="COLOUR" value="LIGHT-BLUE" /><Attribute name="SIZE" value="SMALL" /><Attribute name="TAG" value="CIRCLE" /><Attribute name="TYPE" value="SPHERE" /><Attribute name="XPOS" value="0" /><Attribute name="YPOS" value="0" /></Object><Object file="Type_Sphere_Tag_Square_Colour_Light-blue_Size_Medium.png" id="59d6650e-d24a-4bb5-bc83-2a36f80c5aca" target="False"><Attribute name="COLOUR" value="LIGHT-BLUE" /><Attribute name="SIZE" value="MEDIUM" /><Attribute name="TAG" value="SQUARE" /><Attribute name="TYPE" value="SPHERE" /><Attribute name="XPOS" value="0" /><Attribute name="YPOS" value="1" /></Object><Object file="Type_Cube_Tag_Square_Colour_Blue_Size_Large.png" id="f4f257e1-d4e5-4043-a799-613019f88e31" target="False"><Attribute name="COLOUR" value="BLUE" /><Attribute name="SIZE" value="LARGE" /><Attribute name="TAG" value="SQUARE" /><Attribute name="TYPE" value="CUBE" /><Attribute name="XPOS" value="1" /><Attribute name="YPOS" value="1" /></Object><Object file="Type_Sphere_Tag_Square_Colour_Dark-blue_Size_Medium.png" id="360126a4-dbf8-454d-b573-f1f0d907bfac" target="False"><Attribute name="COLOUR" value="DARK-BLUE" /><Attribute name="SIZE" value="MEDIUM" /><Attribute name="TAG" value="SQUARE" /><Attribute name="TYPE" value="SPHERE" /><Attribute name="XPOS" value="1" /><Attribute name="YPOS" value="0" /></Object></Objects><Attribute_assessment><Assessed_attribute name="COLOUR" value="LIGHT-BLUE" /><Assessed_attribute name="SIZE" value="SMALL" /><Assessed_attribute name="TAG" value="CIRCLE" /><Assessed_attribute name="TYPE1" value="SPHERE" /><Assessed_attribute name="TYPE2" value="BALL" /><Assessed_attribute name="XPOS" value="THE FIRST FROM LEFT" /><Assessed_attribute name="YPOS" value="ON THE LOWER SHELVE" /></Attribute_assessment><Production_RE><RE_Attribute id="1" name="SIZE" value="SMALL" /><RE_Attribute id="2" name="COLOUR" value="LIGHT-BLUE" /><RE_Attribute id="3" name="TYPE2" value="BALL" /><Spatial_Relation expression=" below " related="59d6650e-d24a-4bb5-bc83-2a36f80c5aca"><Spatial_Attribute id="11" name="SIZE" value="MEDIUM" /><Spatial_Attribute id="12" name="TYPE1" value="SPHERE" /></Spatial_Relation></Production_RE><Spatial_attribute_assessment><Assessed_spatial_attribute name="COLOUR" value="LIGHT-BLUE" /><Assessed_spatial_attribute name="SIZE" value="MEDIUM" /><Assessed_spatial_attribute name="TAG" value="SQUARE" /><Assessed_spatial_attribute name="TYPE1" value="SPHERE" /><Assessed_spatial_attribute name="TYPE2" value="BALL" /><Assessed_spatial_attribute name="XPOS" value="THE FIRST FROM LEFT" /><Assessed_spatial_attribute name="YPOS" value="ON THE UPPER SHELVE" /></Spatial_attribute_assessment></Session>