<Priors><Attributes><set name="COLOUR"><attribute name="BLACK">91</attribute><attribute name="BLUE">91</attribute><attribute name="BROWN">86</attribute><attribute name="DARK-BLUE">92</attribute><attribute name="DARK-GREEN">87</attribute><attribute name="DARK-RED">72</attribute><attribute name="GREEN">44</attribute><attribute name="GREY">39</attribute><attribute name="LIGHT-BLUE">41</attribute><attribute name="LIGHT-GREEN">28</attribute><attribute name="LIGHT-RED">23</attribute><attribute name="RED">45</attribute></set><set name="NAMETAG"><attribute name="CIRCLE">86</attribute><attribute name="SQUARE">55</attribute></set><set name="SIZE"><attribute name="0.25">21</attribute><attribute name="0.5">37</attribute><attribute name="0.75">43</attribute><attribute name="1">65</attribute></set><set name="TYPE"><attribute name="CONE">44</attribute><attribute name="CUBE">82</attribute><attribute name="CYLINDER">78</attribute><attribute name="SPHERE">83</attribute><attribute name="TORUS">34</attribute></set><set name="COLOURMAP"><attribute name="0">90</attribute><attribute name="1">82</attribute><attribute name="2">85</attribute><attribute name="3">70</attribute><attribute name="4">75</attribute><attribute name="5">33</attribute><attribute name="6">65</attribute></set></Attributes><Participant_id>5ba8df708450f10001a2d151</Participant_id></Priors>