<Session><Session_id>6</Session_id><Participant_id>5ba8df708450f10001a2d151</Participant_id><Set_size>9</Set_size><session_configuration>fixed</session_configuration><Objects><Object file="Type_Cube_Tag_Square_Colour_Dark-blue_Size_Medium.png" id="96505540-53d0-4571-b1a3-b1d2caf6fd2e" target="False"><Attribute name="COLOUR" value="DARK-BLUE" /><Attribute name="SIZE" value="MEDIUM" /><Attribute name="TAG" value="SQUARE" /><Attribute name="TYPE" value="CUBE" /><Attribute name="XPOS" value="0" /><Attribute name="YPOS" value="0" /></Object><Object file="Type_Sphere_Tag_Circle_Colour_Dark-blue_Size_Medium.png" id="ba740014-1ee5-4e15-a3d5-b5daae44832a" target="False"><Attribute name="COLOUR" value="DARK-BLUE" /><Attribute name="SIZE" value="MEDIUM" /><Attribute name="TAG" value="CIRCLE" /><Attribute name="TYPE" value="SPHERE" /><Attribute name="XPOS" value="0" /><Attribute name="YPOS" value="1" /></Object><Object file="Type_Cylinder_Tag_Circle_Colour_Dark-red_Size_Large.png" id="650b3075-59dd-47f2-b83e-1c331c827f68" target="False"><Attribute name="COLOUR" value="DARK-RED" /><Attribute name="SIZE" value="LARGE" /><Attribute name="TAG" value="CIRCLE" /><Attribute name="TYPE" value="CYLINDER" /><Attribute name="XPOS" value="1" /><Attribute name="YPOS" value="1" /></Object><Object file="Type_Cube_Tag_Square_Colour_Light-blue_Size_Small.png" id="6b2af9b8-2f34-4d3e-9c06-fb96f016eceb" target="False"><Attribute name="COLOUR" value="LIGHT-BLUE" /><Attribute name="SIZE" value="SMALL" /><Attribute name="TAG" value="SQUARE" /><Attribute name="TYPE" value="CUBE" /><Attribute name="XPOS" value="1" /><Attribute name="YPOS" value="0" /></Object><Object file="Type_Cube_Tag_Circle_Colour_Dark-blue_Size_Medium.png" id="0fdf974b-ce32-4467-a019-fabdb57dddce" target="True"><Attribute name="COLOUR" value="DARK-BLUE" /><Attribute name="SIZE" value="MEDIUM" /><Attribute name="TAG" value="CIRCLE" /><Attribute name="TYPE" value="CUBE" /><Attribute name="XPOS" value="2" /><Attribute name="YPOS" value="1" /></Object><Object file="Type_Cylinder_Tag_Square_Colour_Dark-red_Size_Small.png" id="9021e095-a209-4608-97b0-bdb04880c2fd" target="False"><Attribute name="COLOUR" value="DARK-RED" /><Attribute name="SIZE" value="SMALL" /><Attribute name="TAG" value="SQUARE" /><Attribute name="TYPE" value="CYLINDER" /><Attribute name="XPOS" value="2" /><Attribute name="YPOS" value="0" /></Object><Object file="Type_Cube_Tag_Square_Colour_Dark-green_Size_Small.png" id="30b1f08d-3f51-4383-8f48-aac05c010705" target="False"><Attribute name="COLOUR" value="DARK-GREEN" /><Attribute name="SIZE" value="SMALL" /><Attribute name="TAG" value="SQUARE" /><Attribute name="TYPE" value="CUBE" /><Attribute name="XPOS" value="3" /><Attribute name="YPOS" value="1" /></Object><Object file="Type_Sphere_Tag_Circle_Colour_Dark-blue_Size_Large.png" id="dc8d88ba-183f-44c1-a448-a53946076134" target="False"><Attribute name="COLOUR" value="DARK-BLUE" /><Attribute name="SIZE" value="LARGE" /><Attribute name="TAG" value="CIRCLE" /><Attribute name="TYPE" value="SPHERE" /><Attribute name="XPOS" value="3" /><Attribute name="YPOS" value="0" /></Object><Object file="Type_Cube_Tag_Circle_Colour_Dark-blue_Size_Medium.png" id="478d19a8-a047-448b-9997-fedf5240e5b5" target="False"><Attribute name="COLOUR" value="DARK-BLUE" /><Attribute name="SIZE" value="MEDIUM" /><Attribute name="TAG" value="CIRCLE" /><Attribute name="TYPE" value="CUBE" /><Attribute name="XPOS" value="4" /><Attribute name="YPOS" value="0" /></Object></Objects><Attribute_assessment><Assessed_attribute name="COLOUR" value="DARK-BLUE" /><Assessed_attribute name="SIZE" value="MEDIUM" /><Assessed_attribute name="TAG" value="CIRCLE" /><Assessed_attribute name="TYPE1" value="DICE" /><Assessed_attribute name="TYPE2" value="CUBE" /><Assessed_attribute name="XPOS" value="THE THIRD FROM LEFT" /><Assessed_attribute name="YPOS" value="ON THE UPPER SHELVE" /></Attribute_assessment><Production_RE><RE_Attribute id="1" name="XPOS" value="THE THIRD FROM LEFT" /><RE_Attribute id="2" name="COLOUR" value="DARK-BLUE" /><RE_Attribute id="3" name="TYPE2" value="CUBE" /></Production_RE></Session>