<Session><Session_id>17</Session_id><Participant_id>5ba8df708450f10001a2d151</Participant_id><Set_size>7</Set_size><session_configuration>random</session_configuration><Objects><Object file="Type_Torus_Tag_Circle_Colour_Dark-red_Size_Small.png" id="a69ac925-9974-49cc-af20-35d13f7a3aed" target="False"><Attribute name="COLOUR" value="DARK-RED" /><Attribute name="SIZE" value="SMALL" /><Attribute name="TAG" value="CIRCLE" /><Attribute name="TYPE" value="TORUS" /><Attribute name="XPOS" value="0" /><Attribute name="YPOS" value="0" /></Object><Object file="Type_Cone_Tag_Circle_Colour_Light-red_Size_Medium.png" id="b581afdb-5283-4299-b7c0-9063f1a482b8" target="False"><Attribute name="COLOUR" value="LIGHT-RED" /><Attribute name="SIZE" value="MEDIUM" /><Attribute name="TAG" value="CIRCLE" /><Attribute name="TYPE" value="CONE" /><Attribute name="XPOS" value="1" /><Attribute name="YPOS" value="0" /></Object><Object file="Type_Torus_Tag_Circle_Colour_Grey_Size_Medium.png" id="55efa524-7572-4859-871a-74d2ff7b1e35" target="False"><Attribute name="COLOUR" value="GREY" /><Attribute name="SIZE" value="MEDIUM" /><Attribute name="TAG" value="CIRCLE" /><Attribute name="TYPE" value="TORUS" /><Attribute name="XPOS" value="2" /><Attribute name="YPOS" value="0" /></Object><Object file="Type_Torus_Tag_Square_Colour_Red_Size_Large.png" id="3b33e3d6-88d7-4a6c-aac1-b524b81dc157" target="False"><Attribute name="COLOUR" value="RED" /><Attribute name="SIZE" value="LARGE" /><Attribute name="TAG" value="SQUARE" /><Attribute name="TYPE" value="TORUS" /><Attribute name="XPOS" value="3" /><Attribute name="YPOS" value="0" /></Object><Object file="Type_Torus_Tag_Circle_Colour_Red_Size_Medium.png" id="b5d31160-c008-4ff8-bc13-5ef78e1fe794" target="True"><Attribute name="COLOUR" value="RED" /><Attribute name="SIZE" value="MEDIUM" /><Attribute name="TAG" value="CIRCLE" /><Attribute name="TYPE" value="TORUS" /><Attribute name="XPOS" value="0" /><Attribute name="YPOS" value="1" /></Object><Object file="Type_Cone_Tag_Circle_Colour_Light-green_Size_Medium.png" id="cdb47158-41f7-4b5e-a776-3701cf28a373" target="False"><Attribute name="COLOUR" value="LIGHT-GREEN" /><Attribute name="SIZE" value="MEDIUM" /><Attribute name="TAG" value="CIRCLE" /><Attribute name="TYPE" value="CONE" /><Attribute name="XPOS" value="1" /><Attribute name="YPOS" value="1" /></Object><Object file="Type_Sphere_Tag_Circle_Colour_Light-green_Size_Large.png" id="4ba8f2dc-c6ba-4740-b992-70e52faeb784" target="False"><Attribute name="COLOUR" value="LIGHT-GREEN" /><Attribute name="SIZE" value="LARGE" /><Attribute name="TAG" value="CIRCLE" /><Attribute name="TYPE" value="SPHERE" /><Attribute name="XPOS" value="2" /><Attribute name="YPOS" value="1" /></Object></Objects><Attribute_assessment><Assessed_attribute name="COLOUR" value="RED" /><Assessed_attribute name="SIZE" value="MEDIUM" /><Assessed_attribute name="TAG" value="CIRCLE" /><Assessed_attribute name="TYPE1" value="DONUT" /><Assessed_attribute name="TYPE2" value="RING" /><Assessed_attribute name="TYPE3" value="TORUS" /><Assessed_attribute name="XPOS" value="THE FIRST FROM LEFT" /><Assessed_attribute name="YPOS" value="ON THE UPPER SHELVE" /></Attribute_assessment><Production_RE><RE_Attribute id="1" name="XPOS" value="THE FIRST FROM LEFT" /><RE_Attribute id="2" name="COLOUR" value="RED" /><RE_Attribute id="3" name="TYPE1" value="DONUT" /></Production_RE></Session>