<Session><Session_id>1</Session_id><Participant_id>5ba8df708450f10001a2d151</Participant_id><Set_size>8</Set_size><session_configuration>fixed</session_configuration><Objects><Object file="Type_Cone_Tag_Square_Colour_Blue_Size_Medium.png" id="7be97093-152f-4232-a17c-250e04d73c7e" target="False"><Attribute name="COLOUR" value="BLUE" /><Attribute name="SIZE" value="MEDIUM" /><Attribute name="TAG" value="SQUARE" /><Attribute name="TYPE" value="CONE" /><Attribute name="XPOS" value="0" /><Attribute name="YPOS" value="0" /></Object><Object file="Type_Cone_Tag_Square_Colour_Dark-red_Size_Medium.png" id="46a5a3f7-eeaa-4670-8ff5-f3a532a39dc9" target="False"><Attribute name="COLOUR" value="DARK-RED" /><Attribute name="SIZE" value="MEDIUM" /><Attribute name="TAG" value="SQUARE" /><Attribute name="TYPE" value="CONE" /><Attribute name="XPOS" value="0" /><Attribute name="YPOS" value="1" /></Object><Object file="Type_Cylinder_Tag_Circle_Colour_Red_Size_Large.png" id="7a434988-3e18-42e2-bdfc-f7545baf8bc3" target="True"><Attribute name="COLOUR" value="RED" /><Attribute name="SIZE" value="LARGE" /><Attribute name="TAG" value="CIRCLE" /><Attribute name="TYPE" value="CYLINDER" /><Attribute name="XPOS" value="1" /><Attribute name="YPOS" value="1" /></Object><Object file="Type_Cube_Tag_Square_Colour_Light-blue_Size_Small.png" id="cf665c93-609c-46eb-86e6-342c29793391" target="False"><Attribute name="COLOUR" value="LIGHT-BLUE" /><Attribute name="SIZE" value="SMALL" /><Attribute name="TAG" value="SQUARE" /><Attribute name="TYPE" value="CUBE" /><Attribute name="XPOS" value="1" /><Attribute name="YPOS" value="0" /></Object><Object file="Type_Cube_Tag_Circle_Colour_Green_Size_Medium.png" id="b9c00fb0-b36d-483c-a3e1-937d0d8e125f" target="False"><Attribute name="COLOUR" value="GREEN" /><Attribute name="SIZE" value="MEDIUM" /><Attribute name="TAG" value="CIRCLE" /><Attribute name="TYPE" value="CUBE" /><Attribute name="XPOS" value="2" /><Attribute name="YPOS" value="1" /></Object><Object file="Type_Torus_Tag_Square_Colour_Light-red_Size_Medium.png" id="1a2079c6-10c1-4a46-bfcf-48ca61cb913c" target="False"><Attribute name="COLOUR" value="LIGHT-RED" /><Attribute name="SIZE" value="MEDIUM" /><Attribute name="TAG" value="SQUARE" /><Attribute name="TYPE" value="TORUS" /><Attribute name="XPOS" value="2" /><Attribute name="YPOS" value="0" /></Object><Object file="Type_Cone_Tag_Square_Colour_Dark-green_Size_Small.png" id="0180bf3c-8491-4b4d-bebd-01429c0c3d50" target="False"><Attribute name="COLOUR" value="DARK-GREEN" /><Attribute name="SIZE" value="SMALL" /><Attribute name="TAG" value="SQUARE" /><Attribute name="TYPE" value="CONE" /><Attribute name="XPOS" value="3" /><Attribute name="YPOS" value="1" /></Object><Object file="Type_Sphere_Tag_Circle_Colour_Dark-blue_Size_Large.png" id="a6156d19-0065-4316-a82b-e0e4f2c02118" target="False"><Attribute name="COLOUR" value="DARK-BLUE" /><Attribute name="SIZE" value="LARGE" /><Attribute name="TAG" value="CIRCLE" /><Attribute name="TYPE" value="SPHERE" /><Attribute name="XPOS" value="3" /><Attribute name="YPOS" value="0" /></Object></Objects><Attribute_assessment><Assessed_attribute name="COLOUR" value="RED" /><Assessed_attribute name="SIZE" value="LARGE" /><Assessed_attribute name="TAG" value="CIRCLE" /><Assessed_attribute name="TYPE1" value="CYLINDER" /><Assessed_attribute name="TYPE2" value="PILLAR" /><Assessed_attribute name="XPOS" value="THE SECOND FROM LEFT" /><Assessed_attribute name="YPOS" value="ON THE UPPER SHELVE" /></Attribute_assessment><Production_RE><RE_Attribute id="1" name="COLOUR" value="RED" /><RE_Attribute id="2" name="TYPE1" value="CYLINDER" /></Production_RE></Session>