<Session><Session_id>11</Session_id><Participant_id>5bb44f9d8f3bd70001e5ab92</Participant_id><Set_size>8</Set_size><session_configuration>random</session_configuration><Objects><Object file="Type_Torus_Tag_Circle_Colour_Brown_Size_Medium.png" id="0c78f4a8-ab06-4868-b1da-9ca5ec7c9921" target="False"><Attribute name="COLOUR" value="BROWN" /><Attribute name="SIZE" value="MEDIUM" /><Attribute name="TAG" value="CIRCLE" /><Attribute name="TYPE" value="TORUS" /><Attribute name="XPOS" value="0" /><Attribute name="YPOS" value="0" /></Object><Object file="Type_Cone_Tag_Circle_Colour_Green_Size_Medium.png" id="9e8bd1fb-220e-46ad-beb4-12f0c875709d" target="False"><Attribute name="COLOUR" value="GREEN" /><Attribute name="SIZE" value="MEDIUM" /><Attribute name="TAG" value="CIRCLE" /><Attribute name="TYPE" value="CONE" /><Attribute name="XPOS" value="1" /><Attribute name="YPOS" value="0" /></Object><Object file="Type_Cylinder_Tag_Square_Colour_Light-red_Size_Small.png" id="a536bff6-a385-4dc1-89c7-cb635a9fa0d4" target="True"><Attribute name="COLOUR" value="LIGHT-RED" /><Attribute name="SIZE" value="SMALL" /><Attribute name="TAG" value="SQUARE" /><Attribute name="TYPE" value="CYLINDER" /><Attribute name="XPOS" value="2" /><Attribute name="YPOS" value="0" /></Object><Object file="Type_Sphere_Tag_Circle_Colour_Grey_Size_Large.png" id="bf0fa4c3-ea98-497e-8974-040fe40086da" target="False"><Attribute name="COLOUR" value="GREY" /><Attribute name="SIZE" value="LARGE" /><Attribute name="TAG" value="CIRCLE" /><Attribute name="TYPE" value="SPHERE" /><Attribute name="XPOS" value="3" /><Attribute name="YPOS" value="0" /></Object><Object file="Type_Torus_Tag_Circle_Colour_Grey_Size_Small.png" id="318da255-8576-4afd-b8e9-40f51757d63f" target="False"><Attribute name="COLOUR" value="GREY" /><Attribute name="SIZE" value="SMALL" /><Attribute name="TAG" value="CIRCLE" /><Attribute name="TYPE" value="TORUS" /><Attribute name="XPOS" value="0" /><Attribute name="YPOS" value="1" /></Object><Object file="Type_Cylinder_Tag_Circle_Colour_Brown_Size_Small.png" id="97e62bf9-28ef-43d6-adcb-ad9888037ee3" target="False"><Attribute name="COLOUR" value="BROWN" /><Attribute name="SIZE" value="SMALL" /><Attribute name="TAG" value="CIRCLE" /><Attribute name="TYPE" value="CYLINDER" /><Attribute name="XPOS" value="1" /><Attribute name="YPOS" value="1" /></Object><Object file="Type_Cone_Tag_Square_Colour_Dark-green_Size_Small.png" id="630bf139-92ce-4873-ad68-f51843e90430" target="False"><Attribute name="COLOUR" value="DARK-GREEN" /><Attribute name="SIZE" value="SMALL" /><Attribute name="TAG" value="SQUARE" /><Attribute name="TYPE" value="CONE" /><Attribute name="XPOS" value="2" /><Attribute name="YPOS" value="1" /></Object><Object file="Type_Torus_Tag_Square_Colour_Light-red_Size_Medium.png" id="8f2a6737-e38a-4c1f-9a46-73a7d7704a9a" target="False"><Attribute name="COLOUR" value="LIGHT-RED" /><Attribute name="SIZE" value="MEDIUM" /><Attribute name="TAG" value="SQUARE" /><Attribute name="TYPE" value="TORUS" /><Attribute name="XPOS" value="3" /><Attribute name="YPOS" value="1" /></Object></Objects><Attribute_assessment><Assessed_attribute name="COLOUR" value="LIGHT-RED" /><Assessed_attribute name="SIZE" value="SMALL" /><Assessed_attribute name="TAG" value="SQUARE" /><Assessed_attribute name="TYPE1" value="CYLINDER" /><Assessed_attribute name="TYPE2" value="PILLAR" /><Assessed_attribute name="XPOS" value="THE THIRD FROM LEFT" /><Assessed_attribute name="YPOS" value="ON THE LOWER SHELVE" /></Attribute_assessment><Production_RE><RE_Attribute id="1" name="COLOUR" value="LIGHT-RED" /><RE_Attribute id="2" name="TYPE1" value="CYLINDER" /></Production_RE></Session>