<Priors><Attributes><set name="COLOUR"><attribute name="BLACK">50</attribute><attribute name="BLUE">100</attribute><attribute name="BROWN">28</attribute><attribute name="DARK-BLUE">30</attribute><attribute name="DARK-GREEN">20</attribute><attribute name="DARK-RED">29</attribute><attribute name="GREEN">100</attribute><attribute name="GREY">50</attribute><attribute name="LIGHT-BLUE">94</attribute><attribute name="LIGHT-GREEN">95</attribute><attribute name="LIGHT-RED">96</attribute><attribute name="RED">96</attribute></set><set name="NAMETAG"><attribute name="CIRCLE">100</attribute><attribute name="SQUARE">50</attribute></set><set name="SIZE"><attribute name="0.25">0</attribute><attribute name="0.5">11</attribute><attribute name="0.75">50</attribute><attribute name="1">93</attribute></set><set name="TYPE"><attribute name="CONE">83</attribute><attribute name="CUBE">100</attribute><attribute name="CYLINDER">77</attribute><attribute name="SPHERE">50</attribute><attribute name="TORUS">50</attribute></set><set name="COLOURMAP"><attribute name="0">39</attribute><attribute name="1">46</attribute><attribute name="2">50</attribute><attribute name="3">93</attribute><attribute name="4">50</attribute><attribute name="5">100</attribute><attribute name="6">97</attribute></set></Attributes><Participant_id>5bb44f9d8f3bd70001e5ab92</Participant_id></Priors>