<Priors><Attributes><set name="COLOUR"><attribute name="BLACK">60</attribute><attribute name="BLUE">76</attribute><attribute name="BROWN">60</attribute><attribute name="DARK-BLUE">50</attribute><attribute name="DARK-GREEN">50</attribute><attribute name="DARK-RED">50</attribute><attribute name="GREEN">46</attribute><attribute name="GREY">50</attribute><attribute name="LIGHT-BLUE">40</attribute><attribute name="LIGHT-GREEN">24</attribute><attribute name="LIGHT-RED">50</attribute><attribute name="RED">50</attribute></set><set name="NAMETAG"><attribute name="CIRCLE">34</attribute><attribute name="SQUARE">68</attribute></set><set name="SIZE"><attribute name="0.25">2</attribute><attribute name="0.5">19</attribute><attribute name="0.75">46</attribute><attribute name="1">85</attribute></set><set name="TYPE"><attribute name="CONE">98</attribute><attribute name="CUBE">48</attribute><attribute name="CYLINDER">38</attribute><attribute name="SPHERE">63</attribute><attribute name="TORUS">12</attribute></set><set name="COLOURMAP"><attribute name="0">26</attribute><attribute name="1">17</attribute><attribute name="2">50</attribute><attribute name="3">62</attribute><attribute name="4">93</attribute><attribute name="5">38</attribute><attribute name="6">5</attribute></set></Attributes><Participant_id>5bd2cb970b06b10001f1ccfc</Participant_id></Priors>