<Session><Session_id>20</Session_id><Participant_id>5bd2cb970b06b10001f1ccfc</Participant_id><Set_size>5</Set_size><session_configuration>random</session_configuration><Objects><Object file="Type_Cone_Tag_Circle_Colour_Light-blue_Size_Large.png" id="c4fe4dc1-f17e-4d1a-a4d5-2f503088cece" target="False"><Attribute name="COLOUR" value="LIGHT-BLUE" /><Attribute name="SIZE" value="LARGE" /><Attribute name="TAG" value="CIRCLE" /><Attribute name="TYPE" value="CONE" /><Attribute name="XPOS" value="0" /><Attribute name="YPOS" value="0" /></Object><Object file="Type_Cylinder_Tag_Circle_Colour_Light-red_Size_Medium.png" id="7ce129eb-d51b-4fb4-a886-f10bff8824f1" target="False"><Attribute name="COLOUR" value="LIGHT-RED" /><Attribute name="SIZE" value="MEDIUM" /><Attribute name="TAG" value="CIRCLE" /><Attribute name="TYPE" value="CYLINDER" /><Attribute name="XPOS" value="1" /><Attribute name="YPOS" value="0" /></Object><Object file="Type_Torus_Tag_Square_Colour_Blue_Size_Small.png" id="d47212a1-ed4d-4b5b-a0c2-45703a8159b3" target="False"><Attribute name="COLOUR" value="BLUE" /><Attribute name="SIZE" value="SMALL" /><Attribute name="TAG" value="SQUARE" /><Attribute name="TYPE" value="TORUS" /><Attribute name="XPOS" value="0" /><Attribute name="YPOS" value="1" /></Object><Object file="Type_Cone_Tag_Square_Colour_Red_Size_Medium.png" id="51ccec31-d9d2-47e5-aef9-7b90777f485a" target="True"><Attribute name="COLOUR" value="RED" /><Attribute name="SIZE" value="MEDIUM" /><Attribute name="TAG" value="SQUARE" /><Attribute name="TYPE" value="CONE" /><Attribute name="XPOS" value="1" /><Attribute name="YPOS" value="1" /></Object><Object file="Type_Sphere_Tag_Square_Colour_Dark-red_Size_Large.png" id="4189418a-fb1d-4a3c-8d2b-9018c0932b37" target="False"><Attribute name="COLOUR" value="DARK-RED" /><Attribute name="SIZE" value="LARGE" /><Attribute name="TAG" value="SQUARE" /><Attribute name="TYPE" value="SPHERE" /><Attribute name="XPOS" value="2" /><Attribute name="YPOS" value="1" /></Object></Objects><Attribute_assessment><Assessed_attribute name="COLOUR" value="RED" /><Assessed_attribute name="SIZE" value="MEDIUM" /><Assessed_attribute name="TAG" value="SQUARE" /><Assessed_attribute name="TYPE1" value="CONE" /><Assessed_attribute name="TYPE2" value="HAT" /><Assessed_attribute name="TYPE3" value="CAP" /><Assessed_attribute name="XPOS" value="THE SECOND FROM LEFT" /><Assessed_attribute name="YPOS" value="ON THE UPPER SHELVE" /></Attribute_assessment><Production_RE><RE_Attribute id="1" name="COLOUR" value="RED" /><RE_Attribute id="2" name="TYPE1" value="CONE" /></Production_RE></Session>