<Session><Session_id>10</Session_id><Participant_id>5bd2cb970b06b10001f1ccfc</Participant_id><Set_size>5</Set_size><session_configuration>fixed</session_configuration><Objects><Object file="Type_Sphere_Tag_Square_Colour_Brown_Size_Medium.png" id="ddfca94d-1cc6-47c3-864b-8259e6a83471" target="False"><Attribute name="COLOUR" value="BROWN" /><Attribute name="SIZE" value="MEDIUM" /><Attribute name="TAG" value="SQUARE" /><Attribute name="TYPE" value="SPHERE" /><Attribute name="XPOS" value="0" /><Attribute name="YPOS" value="0" /></Object><Object file="Type_Sphere_Tag_Circle_Colour_Dark-red_Size_Medium.png" id="11c76c7d-3497-49a3-99a8-f90dd3325333" target="True"><Attribute name="COLOUR" value="DARK-RED" /><Attribute name="SIZE" value="MEDIUM" /><Attribute name="TAG" value="CIRCLE" /><Attribute name="TYPE" value="SPHERE" /><Attribute name="XPOS" value="0" /><Attribute name="YPOS" value="1" /></Object><Object file="Type_Cone_Tag_Circle_Colour_Black_Size_Small.png" id="6604a37b-0713-4b31-b0f9-cd217ef26f78" target="False"><Attribute name="COLOUR" value="BLACK" /><Attribute name="SIZE" value="SMALL" /><Attribute name="TAG" value="CIRCLE" /><Attribute name="TYPE" value="CONE" /><Attribute name="XPOS" value="1" /><Attribute name="YPOS" value="1" /></Object><Object file="Type_Cube_Tag_Square_Colour_Black_Size_Small.png" id="cf3dddf2-bd0e-42f7-bca4-f9c79b6b80b4" target="False"><Attribute name="COLOUR" value="BLACK" /><Attribute name="SIZE" value="SMALL" /><Attribute name="TAG" value="SQUARE" /><Attribute name="TYPE" value="CUBE" /><Attribute name="XPOS" value="1" /><Attribute name="YPOS" value="0" /></Object><Object file="Type_Sphere_Tag_Circle_Colour_Brown_Size_Medium.png" id="6eea9c3e-cee2-4d3d-8531-454263f30228" target="False"><Attribute name="COLOUR" value="BROWN" /><Attribute name="SIZE" value="MEDIUM" /><Attribute name="TAG" value="CIRCLE" /><Attribute name="TYPE" value="SPHERE" /><Attribute name="XPOS" value="2" /><Attribute name="YPOS" value="1" /></Object></Objects><Attribute_assessment><Assessed_attribute name="COLOUR1" value="DARK-RED" /><Assessed_attribute name="COLOUR2" value="RED" /><Assessed_attribute name="SIZE" value="LARGE" /><Assessed_attribute name="TAG" value="CIRCLE" /><Assessed_attribute name="TYPE1" value="SPHERE" /><Assessed_attribute name="TYPE2" value="BALL" /><Assessed_attribute name="XPOS" value="THE FIRST FROM LEFT" /><Assessed_attribute name="YPOS" value="ON THE UPPER SHELVE" /></Attribute_assessment><Production_RE><RE_Attribute id="1" name="COLOUR1" value="DARK-RED" /><RE_Attribute id="2" name="TYPE2" value="BALL" /></Production_RE></Session>