<Priors><Attributes><set name="COLOUR"><attribute name="BLACK">100</attribute><attribute name="BLUE">100</attribute><attribute name="BROWN">100</attribute><attribute name="DARK-BLUE">100</attribute><attribute name="DARK-GREEN">100</attribute><attribute name="DARK-RED">100</attribute><attribute name="GREEN">71</attribute><attribute name="GREY">100</attribute><attribute name="LIGHT-BLUE">77</attribute><attribute name="LIGHT-GREEN">81</attribute><attribute name="LIGHT-RED">56</attribute><attribute name="RED">100</attribute></set><set name="NAMETAG"><attribute name="CIRCLE">46</attribute><attribute name="SQUARE">24</attribute></set><set name="SIZE"><attribute name="0.25">84</attribute><attribute name="0.5">78</attribute><attribute name="0.75">76</attribute><attribute name="1">81</attribute></set><set name="TYPE"><attribute name="CONE">100</attribute><attribute name="CUBE">100</attribute><attribute name="CYLINDER">100</attribute><attribute name="SPHERE">100</attribute><attribute name="TORUS">58</attribute></set><set name="COLOURMAP"><attribute name="0">74</attribute><attribute name="1">60</attribute><attribute name="2">48</attribute><attribute name="3">50</attribute><attribute name="4">41</attribute><attribute name="5">22</attribute><attribute name="6">19</attribute></set></Attributes><Participant_id>5bdf7b8c14b3cd00019da155</Participant_id></Priors>