<Session><Session_id>15</Session_id><Participant_id>5bf05b057c38740001699f35</Participant_id><Set_size>6</Set_size><session_configuration>random</session_configuration><Objects><Object file="Type_Torus_Tag_Square_Colour_Dark-blue_Size_Small.png" id="481869f9-a3b5-4762-b2fb-33ff370fc2a7" target="False"><Attribute name="COLOUR" value="DARK-BLUE" /><Attribute name="SIZE" value="SMALL" /><Attribute name="TAG" value="SQUARE" /><Attribute name="TYPE" value="TORUS" /><Attribute name="XPOS" value="0" /><Attribute name="YPOS" value="0" /></Object><Object file="Type_Cylinder_Tag_Circle_Colour_Brown_Size_Small.png" id="9676420c-ec81-4ba7-ba18-edb114ba7912" target="False"><Attribute name="COLOUR" value="BROWN" /><Attribute name="SIZE" value="SMALL" /><Attribute name="TAG" value="CIRCLE" /><Attribute name="TYPE" value="CYLINDER" /><Attribute name="XPOS" value="1" /><Attribute name="YPOS" value="0" /></Object><Object file="Type_Torus_Tag_Circle_Colour_Light-blue_Size_Large.png" id="5eb7a613-a6c5-46d1-a8a5-d969a28e82c0" target="True"><Attribute name="COLOUR" value="LIGHT-BLUE" /><Attribute name="SIZE" value="LARGE" /><Attribute name="TAG" value="CIRCLE" /><Attribute name="TYPE" value="TORUS" /><Attribute name="XPOS" value="2" /><Attribute name="YPOS" value="0" /></Object><Object file="Type_Torus_Tag_Square_Colour_Dark-green_Size_Small.png" id="b6b88998-9094-4d14-99c0-6e8c71e16b22" target="False"><Attribute name="COLOUR" value="DARK-GREEN" /><Attribute name="SIZE" value="SMALL" /><Attribute name="TAG" value="SQUARE" /><Attribute name="TYPE" value="TORUS" /><Attribute name="XPOS" value="0" /><Attribute name="YPOS" value="1" /></Object><Object file="Type_Torus_Tag_Circle_Colour_Dark-blue_Size_Small.png" id="b05d68bc-6952-4aaf-a3ce-c7892918ce74" target="False"><Attribute name="COLOUR" value="DARK-BLUE" /><Attribute name="SIZE" value="SMALL" /><Attribute name="TAG" value="CIRCLE" /><Attribute name="TYPE" value="TORUS" /><Attribute name="XPOS" value="1" /><Attribute name="YPOS" value="1" /></Object><Object file="Type_Torus_Tag_Square_Colour_Grey_Size_Medium.png" id="f4bd04e5-4f99-45b4-b9da-390cd0fbe246" target="False"><Attribute name="COLOUR" value="GREY" /><Attribute name="SIZE" value="MEDIUM" /><Attribute name="TAG" value="SQUARE" /><Attribute name="TYPE" value="TORUS" /><Attribute name="XPOS" value="2" /><Attribute name="YPOS" value="1" /></Object></Objects><Attribute_assessment><Assessed_attribute name="COLOUR" value="LIGHT-BLUE" /><Assessed_attribute name="SIZE" value="LARGE" /><Assessed_attribute name="TAG" value="CIRCLE" /><Assessed_attribute name="TYPE1" value="DONUT" /><Assessed_attribute name="TYPE2" value="RING" /><Assessed_attribute name="TYPE3" value="TORUS" /><Assessed_attribute name="XPOS" value="THE FIRST FROM RIGHT" /><Assessed_attribute name="YPOS" value="ON THE LOWER SHELVE" /></Attribute_assessment><Production_RE><RE_Attribute id="1" name="COLOUR" value="LIGHT-BLUE" /><RE_Attribute id="2" name="TYPE1" value="DONUT" /><RE_Attribute id="3" name="YPOS" value="ON THE LOWER SHELVE" /></Production_RE></Session>