<Priors><Attributes><set name="COLOUR"><attribute name="BLACK">81</attribute><attribute name="BLUE">95</attribute><attribute name="BROWN">90</attribute><attribute name="DARK-BLUE">75</attribute><attribute name="DARK-GREEN">92</attribute><attribute name="DARK-RED">100</attribute><attribute name="GREEN">93</attribute><attribute name="GREY">88</attribute><attribute name="LIGHT-BLUE">90</attribute><attribute name="LIGHT-GREEN">83</attribute><attribute name="LIGHT-RED">86</attribute><attribute name="RED">50</attribute></set><set name="NAMETAG"><attribute name="CIRCLE">59</attribute><attribute name="SQUARE">77</attribute></set><set name="SIZE"><attribute name="0.25">100</attribute><attribute name="0.5">100</attribute><attribute name="0.75">100</attribute><attribute name="1">100</attribute></set><set name="TYPE"><attribute name="CONE">89</attribute><attribute name="CUBE">77</attribute><attribute name="CYLINDER">84</attribute><attribute name="SPHERE">95</attribute><attribute name="TORUS">76</attribute></set><set name="COLOURMAP"><attribute name="0">66</attribute><attribute name="1">76</attribute><attribute name="2">81</attribute><attribute name="3">88</attribute><attribute name="4">91</attribute><attribute name="5">83</attribute><attribute name="6">70</attribute></set></Attributes><Participant_id>5bf05b057c38740001699f35</Participant_id></Priors>